day,count,ret_ipo_mean,ret_ipo_median,ret_close_mean,ret_close_median,기관,외국인총합계,개인,금융투자,보험,투신,사모펀드,은행,연기금,기타금융기관,국가_지자체,기타법인
0,347,63.73,40.21,0.0,0.0,-221.82,-37.9,334.09,-30.45,-0.88,-30.74,-113.84,-2.93,-1.87,-41.11,0.0,-74.37
1,347,61.84,39.17,-1.06,-3.15,-231.31,-39.84,350.62,-31.81,-0.82,-31.6,-118.7,-3.0,-1.51,-43.87,0.0,-79.47
2,346,59.95,34.54,-1.98,-5.68,-236.91,-39.69,361.07,-33.35,-0.98,-31.69,-120.35,-3.81,-1.34,-45.39,0.0,-84.47
3,345,58.03,31.43,-2.96,-7.73,-238.09,-40.46,367.65,-33.62,-0.84,-30.66,-121.11,-4.64,-0.88,-46.34,0.0,-89.1
4,344,57.13,33.87,-3.29,-8.82,-240.52,-37.54,370.46,-34.08,-0.76,-30.6,-122.01,-5.16,-0.52,-47.37,0.0,-92.4
5,344,55.69,35.16,-3.72,-10.7,-241.33,-37.84,373.8,-34.4,-0.72,-30.09,-122.08,-5.78,-0.38,-47.88,0.0,-94.63
6,344,53.83,34.91,-4.79,-11.23,-241.78,-38.39,375.26,-34.46,-0.6,-29.87,-122.58,-5.96,0.02,-48.33,0.0,-95.09
7,344,52.71,30.89,-5.46,-10.82,-241.37,-39.13,376.05,-34.58,-0.57,-29.36,-122.38,-6.01,0.06,-48.52,0.0,-95.55
8,344,53.08,29.5,-5.34,-11.67,-242.24,-39.14,377.8,-34.66,-0.57,-28.86,-122.7,-6.5,0.29,-49.24,0.0,-96.41
9,344,51.47,29.09,-5.86,-12.59,-243.83,-39.29,380.46,-34.87,-0.56,-29.02,-123.72,-6.6,0.61,-49.67,0.0,-97.34
10,344,50.08,25.94,-6.53,-13.72,-245.89,-40.15,384.11,-35.0,-0.54,-28.78,-125.62,-6.66,0.92,-50.2,0.0,-98.07
11,344,46.66,23.06,-8.04,-14.7,-250.59,-42.05,391.31,-35.44,-0.45,-29.08,-129.24,-6.68,1.08,-50.77,0.0,-98.67
12,344,45.47,24.38,-8.75,-15.05,-251.24,-43.04,393.46,-35.26,-0.46,-28.83,-129.93,-6.7,1.24,-51.3,0.0,-99.18
13,344,44.73,21.75,-9.32,-15.5,-251.85,-42.84,394.29,-35.41,-0.38,-28.61,-130.49,-6.74,1.33,-51.55,0.0,-99.6
14,344,44.5,19.54,-9.51,-16.2,-251.22,-42.48,393.3,-35.5,-0.38,-27.79,-130.7,-6.74,1.57,-51.68,0.0,-99.61
15,344,43.6,20.21,-10.04,-16.58,-251.37,-42.92,394.27,-35.53,-0.31,-27.57,-130.92,-6.76,1.78,-52.06,0.0,-99.98
16,344,42.97,18.71,-10.57,-16.52,-252.11,-43.8,396.21,-35.76,-0.25,-27.65,-131.14,-6.77,1.8,-52.33,0.0,-100.3
17,344,43.0,17.38,-10.66,-17.22,-252.31,-43.94,396.44,-35.94,-0.2,-27.34,-131.25,-6.79,1.83,-52.63,0.0,-100.19
18,344,43.39,16.0,-10.37,-17.96,-252.65,-43.23,397.79,-36.01,-0.23,-27.13,-130.87,-6.83,1.78,-53.36,0.0,-101.9
19,343,42.38,16.17,-10.85,-18.49,-255.12,-41.09,401.51,-36.17,-0.18,-26.3,-132.21,-6.98,2.16,-55.44,0.0,-105.3
20,343,41.12,13.48,-11.25,-19.36,-258.84,-41.01,409.91,-37.42,-0.08,-25.67,-133.68,-7.28,2.63,-57.34,0.0,-110.06
21,343,40.03,14.69,-11.75,-20.33,-264.97,-39.58,422.28,-38.07,-0.05,-25.81,-135.53,-8.01,2.97,-60.47,0.0,-117.72
22,343,37.86,14.29,-12.69,-20.8,-274.12,-37.59,440.66,-39.53,0.12,-25.6,-138.45,-8.68,3.72,-65.7,0.0,-128.95
23,343,38.09,14.29,-12.54,-20.0,-279.74,-36.02,450.27,-39.99,0.23,-25.33,-140.26,-9.55,4.14,-68.97,0.0,-134.51
24,343,37.68,15.0,-12.57,-21.09,-282.96,-37.2,457.99,-40.5,0.34,-24.89,-141.9,-10.1,4.2,-70.11,0.0,-137.83
25,343,37.55,12.37,-12.66,-20.94,-285.4,-37.15,462.46,-40.77,0.38,-25.1,-142.08,-10.83,4.71,-71.7,0.0,-139.9
26,343,37.19,12.08,-12.75,-21.71,-287.9,-38.38,467.83,-40.86,0.52,-25.07,-143.11,-11.53,4.91,-72.75,0.0,-141.54
27,343,36.36,11.18,-13.12,-21.15,-290.04,-37.29,469.94,-41.09,0.62,-24.93,-143.74,-12.03,5.19,-74.05,0.0,-142.61
28,343,36.15,11.17,-13.05,-20.93,-291.57,-37.25,472.93,-41.53,0.72,-24.64,-144.54,-12.4,5.27,-74.44,0.0,-144.11
29,343,35.1,11.67,-13.55,-21.5,-293.9,-37.84,477.72,-41.94,0.7,-24.66,-145.66,-12.7,5.39,-75.01,0.0,-145.99
30,342,35.43,10.37,-13.3,-20.46,-293.58,-36.62,476.6,-42.06,0.78,-24.07,-146.19,-13.27,5.57,-74.34,0.0,-146.4
31,342,34.91,11.3,-13.4,-21.57,-295.19,-36.51,479.89,-42.28,0.86,-24.14,-146.95,-13.45,5.69,-74.92,0.0,-148.19
32,342,34.48,10.71,-13.71,-21.95,-297.72,-36.24,483.71,-42.41,0.89,-24.4,-147.56,-13.77,5.55,-76.02,0.0,-149.76
33,342,34.26,10.68,-13.62,-21.8,-299.45,-36.88,487.66,-42.78,0.98,-24.6,-148.06,-14.2,5.62,-76.41,0.0,-151.32
34,341,33.75,11.79,-13.99,-22.08,-300.07,-37.3,489.07,-43.07,0.98,-24.3,-148.9,-14.5,5.73,-76.0,0.0,-151.7
35,341,33.32,11.38,-14.31,-22.73,-300.86,-36.2,489.35,-43.52,0.98,-24.4,-149.01,-14.59,5.97,-76.29,0.0,-152.29
36,341,33.95,12.14,-13.7,-21.87,-301.72,-35.66,490.74,-43.86,0.99,-24.27,-149.42,-14.76,6.25,-76.64,0.0,-153.35
37,340,33.67,11.21,-13.78,-22.28,-301.92,-35.45,491.44,-43.71,1.04,-24.09,-149.8,-14.9,6.45,-76.9,0.0,-154.07
38,340,33.58,10.44,-13.75,-22.66,-302.35,-36.25,494.59,-43.71,1.03,-23.9,-149.76,-15.08,6.63,-77.55,0.0,-155.99
39,340,33.77,11.01,-13.6,-22.64,-302.89,-35.98,495.77,-43.86,1.03,-23.68,-149.96,-15.17,6.67,-77.91,0.0,-156.9
40,340,33.89,12.86,-13.51,-21.6,-303.3,-34.92,496.35,-44.28,1.05,-23.51,-149.91,-15.21,6.95,-78.39,0.0,-158.13
41,340,34.08,10.61,-13.64,-22.38,-303.6,-31.29,495.68,-44.37,1.03,-23.05,-150.25,-15.27,7.2,-78.89,0.0,-160.79
42,340,34.22,11.43,-13.62,-22.6,-304.78,-32.62,499.16,-44.65,1.11,-23.2,-150.63,-15.38,7.36,-79.4,0.0,-161.76
43,339,34.29,10.45,-13.61,-21.77,-305.9,-32.58,500.56,-44.86,1.11,-22.91,-151.19,-15.5,7.59,-80.15,0.0,-162.08
44,339,34.03,10.0,-13.73,-21.81,-306.69,-31.07,500.7,-44.94,1.08,-23.0,-151.53,-15.56,7.78,-80.53,0.0,-162.94
45,339,34.19,9.73,-13.68,-23.17,-305.97,-30.85,500.63,-44.89,1.08,-22.35,-151.18,-15.66,8.08,-81.05,0.0,-163.81
46,339,34.31,8.8,-13.65,-21.94,-305.9,-30.21,500.87,-45.11,1.11,-21.95,-151.04,-15.69,8.27,-81.48,0.0,-164.76
47,339,34.0,8.13,-13.48,-22.12,-305.9,-31.71,503.13,-45.07,1.27,-21.43,-151.36,-15.78,8.45,-81.97,0.0,-165.52
48,339,33.54,6.5,-13.97,-23.02,-307.4,-30.83,504.08,-45.36,1.29,-21.14,-151.49,-16.03,8.75,-83.41,0.0,-165.86
49,339,33.79,6.86,-13.86,-24.11,-307.07,-31.45,504.56,-45.27,1.33,-20.74,-151.59,-16.19,8.93,-83.53,0.0,-166.04
50,339,33.16,6.4,-14.15,-23.86,-306.42,-31.81,505.13,-45.26,1.33,-19.98,-151.55,-16.26,9.1,-83.8,0.0,-166.9
51,339,32.01,4.92,-14.91,-23.45,-306.85,-31.76,506.36,-44.95,1.39,-19.89,-151.91,-16.38,9.12,-84.24,0.0,-167.76
52,339,31.39,5.0,-15.22,-24.1,-306.71,-31.13,506.74,-45.01,1.41,-19.43,-151.88,-16.46,9.35,-84.69,0.0,-168.9
53,339,31.23,4.8,-15.14,-23.69,-306.96,-31.61,508.49,-45.12,1.38,-18.92,-151.6,-16.69,9.4,-85.4,0.0,-169.92
54,339,30.53,4.09,-15.56,-23.3,-306.95,-31.44,509.13,-45.16,1.48,-18.4,-151.83,-16.72,9.7,-86.02,0.0,-170.73
55,339,31.29,4.67,-15.09,-23.61,-307.8,-31.12,510.08,-45.26,1.5,-18.38,-152.13,-16.74,9.6,-86.38,0.0,-171.17
56,339,31.18,4.45,-15.15,-23.78,-307.69,-30.31,509.75,-45.27,1.58,-18.0,-152.1,-16.74,9.58,-86.74,0.0,-171.75
57,339,31.95,5.8,-14.54,-22.68,-309.5,-27.34,511.54,-45.64,1.6,-17.01,-153.69,-16.79,9.67,-87.63,0.0,-174.7
58,339,31.82,5.78,-14.83,-23.48,-310.48,-27.31,513.47,-46.03,1.7,-16.91,-154.1,-16.79,9.86,-88.21,0.0,-175.68
59,339,31.46,3.42,-15.27,-23.82,-312.34,-27.78,517.13,-46.2,1.82,-17.05,-155.64,-16.8,10.19,-88.65,0.0,-177.01
60,339,30.55,2.81,-15.7,-23.95,-316.36,-26.68,522.06,-46.75,2.02,-16.77,-158.56,-16.88,10.4,-89.82,0.0,-179.02
61,339,30.24,3.67,-15.71,-24.06,-321.81,-26.57,530.24,-47.59,2.06,-16.55,-162.59,-16.98,10.69,-90.84,0.0,-181.86
62,338,29.91,2.5,-15.96,-24.26,-326.14,-24.55,533.65,-48.21,2.09,-16.73,-165.78,-17.25,11.03,-91.29,0.0,-182.95
63,338,29.61,1.87,-16.19,-25.55,-329.23,-24.76,539.65,-49.0,2.06,-14.3,-169.25,-17.35,11.36,-92.74,0.0,-185.66
64,337,29.08,3.06,-16.44,-26.05,-333.24,-25.09,545.35,-50.09,2.0,-14.01,-172.41,-17.5,11.44,-92.66,0.0,-187.02
65,337,28.16,1.96,-16.69,-26.71,-337.56,-25.21,551.6,-51.27,1.93,-14.13,-174.8,-17.51,11.45,-93.22,0.0,-188.83
66,337,27.67,1.0,-16.54,-26.27,-341.02,-23.11,553.65,-51.86,1.77,-14.42,-176.12,-17.55,11.37,-94.22,0.0,-189.51
67,336,28.8,1.02,-15.73,-26.04,-343.14,-23.26,556.11,-52.55,1.75,-14.77,-177.08,-17.61,11.61,-94.48,0.0,-189.71
68,335,29.87,2.22,-14.46,-25.97,-345.66,-23.39,560.34,-52.79,1.76,-14.65,-178.6,-17.76,11.62,-95.24,0.0,-191.28
69,335,29.97,3.83,-14.28,-26.36,-347.45,-23.65,563.65,-53.15,1.75,-14.36,-179.64,-17.9,11.37,-95.51,0.0,-192.55
70,335,30.11,5.57,-13.8,-25.59,-348.83,-22.02,564.49,-53.41,1.81,-14.58,-180.45,-17.94,11.54,-95.81,0.0,-193.64
71,334,31.07,5.1,-12.72,-24.94,-350.45,-23.72,567.98,-53.95,1.88,-14.45,-181.56,-17.97,11.78,-96.18,0.0,-193.81
72,334,30.55,3.56,-13.25,-25.61,-351.34,-23.65,569.28,-54.11,1.91,-14.24,-182.06,-18.01,11.82,-96.65,0.0,-194.3
73,334,31.91,4.02,-12.44,-25.01,-351.54,-23.06,571.85,-54.42,2.01,-14.08,-182.06,-18.13,12.22,-97.07,0.0,-197.25
74,334,32.22,5.42,-12.32,-24.45,-352.68,-24.6,575.04,-54.63,2.13,-14.32,-182.41,-18.17,12.16,-97.44,0.0,-197.76
75,333,32.92,4.9,-12.08,-24.84,-352.51,-24.65,575.51,-55.07,2.09,-13.88,-182.9,-18.28,12.05,-96.52,0.0,-198.36
76,333,33.23,5.91,-11.8,-24.63,-354.45,-24.94,578.47,-55.41,2.1,-13.84,-184.13,-18.3,12.03,-96.91,0.0,-199.08
77,333,33.74,4.46,-11.55,-24.53,-354.93,-25.19,579.69,-55.5,2.08,-13.74,-184.46,-18.36,12.26,-97.19,0.0,-199.57
78,333,33.25,3.6,-12.19,-24.7,-355.14,-25.4,580.56,-55.76,2.11,-13.41,-184.75,-18.39,12.44,-97.38,0.0,-200.02
79,333,31.99,3.21,-12.88,-25.4,-357.3,-27.36,585.86,-56.09,2.06,-14.19,-185.43,-18.42,12.31,-97.54,0.0,-201.19
80,332,32.1,3.79,-12.68,-24.3,-359.64,-27.73,588.36,-56.67,2.0,-14.48,-186.54,-18.49,12.53,-98.0,0.0,-200.99
81,331,32.91,3.15,-12.25,-24.65,-361.57,-27.29,590.45,-57.05,1.9,-14.93,-187.25,-18.58,12.63,-98.3,0.0,-201.58
82,331,33.89,4.07,-11.81,-25.68,-361.42,-27.61,590.76,-57.09,1.93,-14.83,-187.07,-18.59,12.8,-98.56,0.0,-201.72
83,331,33.63,2.74,-11.67,-25.12,-362.16,-27.88,592.4,-57.48,1.99,-14.89,-187.6,-18.59,13.06,-98.65,0.0,-202.35
84,331,34.81,5.39,-10.75,-25.3,-362.45,-26.13,591.49,-57.42,2.04,-14.91,-187.9,-18.57,13.24,-98.93,0.0,-202.9
85,331,34.73,5.0,-10.85,-24.82,-363.62,-25.57,592.68,-58.11,2.11,-15.02,-188.34,-18.57,13.37,-99.05,0.0,-203.49
86,331,35.04,5.44,-10.36,-26.06,-364.78,-24.99,593.76,-58.54,2.13,-15.45,-188.44,-18.58,13.38,-99.27,0.0,-203.99
87,331,34.84,6.17,-10.41,-25.78,-366.7,-26.9,598.44,-59.01,2.09,-15.61,-189.23,-18.57,13.34,-99.71,0.0,-204.84
88,331,34.43,7.39,-10.69,-26.67,-367.32,-26.73,599.64,-59.11,2.14,-15.55,-189.46,-18.55,13.2,-99.99,0.0,-205.59
89,331,34.39,7.08,-10.63,-26.81,-367.89,-26.3,600.16,-59.34,2.09,-15.5,-189.68,-18.55,13.2,-100.1,0.0,-205.98
90,331,34.53,9.4,-10.4,-26.21,-368.49,-25.97,600.8,-59.53,1.98,-15.12,-190.08,-18.54,13.03,-100.21,0.0,-206.34
91,331,34.4,8.08,-10.32,-26.75,-369.39,-26.11,602.22,-59.86,1.94,-15.09,-190.61,-18.55,13.13,-100.35,0.0,-206.73
92,331,35.64,6.95,-9.66,-25.87,-369.69,-26.38,603.09,-59.95,1.97,-15.09,-190.57,-18.56,13.07,-100.56,0.0,-207.02
93,331,34.7,7.62,-10.2,-25.88,-370.65,-26.87,604.73,-60.06,1.98,-15.01,-190.83,-18.57,12.98,-101.14,0.0,-207.21
94,331,34.95,5.4,-10.37,-25.22,-370.68,-26.12,605.35,-60.12,2.02,-14.94,-190.78,-18.57,13.02,-101.3,0.0,-208.56
95,331,34.64,5.38,-10.26,-25.44,-371.29,-26.55,607.22,-60.31,2.08,-14.93,-191.19,-18.57,13.01,-101.38,0.0,-209.39
96,331,35.5,4.8,-9.7,-25.11,-371.77,-25.37,607.51,-60.47,2.06,-14.72,-191.58,-18.55,13.09,-101.6,0.0,-210.38
97,331,34.82,5.22,-10.02,-25.46,-372.56,-25.52,608.75,-60.64,2.06,-14.9,-191.95,-18.56,13.14,-101.7,0.0,-210.66
98,331,34.09,3.95,-10.21,-25.7,-373.6,-25.22,609.99,-60.93,2.1,-14.91,-192.79,-18.56,13.34,-101.84,0.0,-211.17
99,331,33.74,4.25,-10.35,-25.65,-373.69,-25.92,611.31,-61.26,2.13,-14.33,-193.1,-18.55,13.52,-102.1,0.0,-211.69
100,331,33.15,3.67,-10.61,-26.13,-373.88,-25.67,611.8,-61.13,2.15,-14.08,-193.33,-18.56,13.51,-102.43,0.0,-212.26
101,331,33.26,3.09,-10.49,-26.13,-374.24,-25.55,612.59,-61.39,2.12,-14.07,-193.63,-18.56,13.82,-102.53,0.0,-212.8
102,330,33.97,3.18,-9.78,-25.75,-372.25,-25.16,611.13,-61.25,2.11,-13.24,-192.93,-18.6,14.37,-102.72,0.0,-213.72
103,330,33.94,3.25,-9.87,-26.46,-372.21,-24.69,611.28,-61.24,2.15,-13.1,-193.18,-18.6,14.52,-102.76,0.0,-214.38
104,330,34.07,3.72,-9.9,-27.02,-372.27,-26.29,613.56,-61.29,2.15,-13.04,-193.26,-18.59,14.65,-102.89,0.0,-215.0
105,330,34.23,1.38,-9.72,-26.47,-373.2,-25.68,614.43,-61.61,2.21,-13.32,-193.43,-18.59,14.84,-103.3,0.0,-215.55
106,330,33.45,1.55,-10.01,-27.53,-373.83,-26.83,616.75,-61.88,2.2,-13.34,-193.66,-18.59,14.84,-103.4,0.0,-216.09
107,330,33.17,1.58,-10.07,-27.42,-375.91,-26.61,618.82,-62.3,2.19,-14.04,-194.31,-18.6,14.69,-103.53,0.0,-216.3
108,330,33.11,2.87,-10.14,-27.41,-376.83,-27.18,620.42,-62.4,2.22,-14.21,-194.79,-18.59,14.53,-103.59,0.0,-216.41
109,330,33.77,4.49,-9.7,-27.11,-377.22,-27.1,620.91,-62.56,2.23,-14.2,-195.03,-18.59,14.67,-103.74,0.0,-216.59
110,330,32.85,2.96,-10.19,-26.74,-377.81,-27.53,622.15,-62.67,2.22,-14.31,-195.21,-18.59,14.6,-103.85,0.0,-216.82
111,330,32.51,5.2,-10.28,-27.8,-378.46,-27.43,623.13,-62.63,2.21,-14.34,-195.42,-18.59,14.41,-104.09,0.0,-217.24
112,330,31.93,4.73,-10.66,-27.75,-379.47,-27.61,624.76,-62.72,2.12,-14.76,-195.73,-18.61,14.41,-104.18,0.0,-217.69
113,330,30.92,3.64,-11.43,-27.7,-380.21,-27.03,625.21,-62.74,2.04,-14.95,-195.93,-18.61,14.29,-104.3,0.0,-217.98
114,330,30.19,2.07,-11.99,-27.79,-380.81,-26.55,625.41,-62.84,2.0,-15.26,-196.07,-18.61,14.35,-104.35,0.0,-218.06
115,330,30.18,3.97,-12.07,-27.03,-380.93,-25.9,625.06,-62.84,1.97,-15.16,-196.27,-18.61,14.41,-104.42,0.0,-218.23
116,330,29.8,2.76,-12.25,-27.97,-381.67,-27.22,627.36,-62.88,1.9,-15.38,-196.45,-18.61,14.37,-104.61,0.0,-218.48
117,330,29.65,3.26,-12.29,-27.22,-382.31,-28.18,629.06,-62.81,1.91,-15.49,-196.87,-18.61,14.32,-104.76,0.0,-218.58
118,330,29.79,3.06,-12.14,-28.23,-382.51,-28.2,629.6,-62.79,1.96,-15.63,-196.92,-18.61,14.46,-104.98,0.0,-218.89
119,330,29.4,5.05,-11.99,-28.17,-384.64,-28.63,632.49,-63.1,1.92,-15.87,-198.24,-18.62,14.53,-105.26,0.0,-219.22
120,330,28.5,4.39,-12.59,-27.6,-386.31,-28.6,634.85,-63.27,1.88,-16.01,-199.44,-18.62,14.54,-105.37,0.0,-219.94
121,330,28.2,3.76,-12.77,-27.99,-387.64,-27.42,635.34,-63.83,1.93,-15.58,-200.29,-18.63,14.59,-105.83,0.0,-220.28
122,330,27.83,3.36,-12.68,-28.09,-391.18,-26.43,639.46,-64.06,1.95,-17.71,-201.47,-18.62,14.7,-105.96,0.0,-221.86
123,330,27.39,3.73,-12.71,-28.13,-394.08,-26.83,643.13,-64.78,1.96,-18.09,-203.02,-18.62,14.89,-106.4,0.0,-222.22
124,329,27.17,3.67,-12.76,-27.34,-395.34,-26.58,642.2,-64.77,1.94,-18.59,-204.2,-18.68,14.81,-105.84,0.0,-220.28
125,329,26.97,5.0,-12.94,-29.3,-397.4,-25.25,643.95,-65.45,1.99,-18.98,-205.3,-18.68,15.52,-106.5,0.0,-221.3
126,328,27.17,4.87,-12.9,-30.27,-399.63,-25.47,645.24,-66.62,1.98,-19.39,-207.47,-18.73,15.33,-104.72,0.0,-220.14
127,328,27.77,2.66,-12.35,-29.26,-400.27,-24.13,645.13,-67.01,2.06,-19.34,-207.86,-18.73,15.39,-104.78,0.0,-220.73
128,327,26.74,3.38,-12.97,-28.36,-402.21,-25.29,648.4,-67.45,2.13,-19.84,-208.8,-18.78,15.64,-105.11,0.0,-220.9
129,327,26.61,4.76,-12.97,-28.24,-403.2,-25.42,650.07,-67.55,2.23,-20.25,-209.5,-18.78,15.86,-105.21,0.0,-221.46
130,326,25.88,4.05,-12.83,-28.32,-403.43,-29.07,639.04,-67.31,2.02,-22.75,-208.86,-18.82,13.36,-101.06,0.0,-206.54
131,325,26.17,3.97,-12.64,-29.04,-403.92,-28.49,638.42,-67.33,1.96,-23.2,-209.43,-18.87,13.59,-100.64,0.0,-206.01
132,324,26.11,3.77,-12.57,-29.68,-405.15,-28.24,638.79,-67.6,1.96,-23.68,-209.95,-18.83,13.67,-100.72,0.0,-205.41
133,324,26.09,4.87,-12.53,-30.1,-405.52,-27.87,639.27,-67.77,1.99,-23.56,-210.34,-18.83,13.78,-100.78,0.0,-205.88
134,323,26.25,3.18,-12.33,-29.68,-406.83,-27.84,640.37,-67.9,1.96,-23.74,-210.96,-18.8,13.73,-101.11,0.0,-205.71
135,322,26.8,3.91,-11.81,-28.98,-408.19,-28.75,643.49,-67.83,2.02,-24.07,-211.75,-18.84,13.68,-101.39,0.0,-206.56
136,321,27.16,4.76,-11.61,-29.62,-408.19,-27.97,641.99,-67.94,2.02,-23.74,-212.48,-18.82,13.81,-101.04,0.0,-205.82
137,320,28.29,5.33,-10.84,-29.75,-409.12,-22.3,638.5,-68.03,2.03,-24.09,-213.07,-18.88,14.06,-101.14,0.0,-207.08
138,320,29.22,4.89,-10.56,-29.42,-409.5,-22.95,639.58,-68.33,2.06,-23.92,-213.38,-18.89,14.12,-101.16,0.0,-207.13
139,320,28.96,4.6,-10.78,-28.95,-410.94,-24.67,643.56,-68.47,1.96,-24.28,-213.99,-18.89,13.92,-101.2,0.0,-207.95
140,319,28.43,4.55,-10.85,-29.55,-412.07,-25.16,637.85,-69.09,1.97,-27.31,-211.0,-18.94,13.15,-100.84,0.0,-200.63
141,319,28.71,3.8,-10.65,-30.31,-413.83,-24.57,639.13,-69.23,1.96,-27.91,-211.91,-18.95,13.11,-100.9,0.0,-200.73
142,319,28.98,1.75,-10.61,-31.07,-414.76,-24.06,639.71,-69.37,1.99,-28.09,-212.31,-18.94,12.96,-101.0,0.0,-200.89
143,319,28.41,1.75,-11.16,-31.26,-415.34,-24.3,640.59,-69.52,2.03,-28.0,-212.54,-18.94,12.71,-101.07,0.0,-200.95
144,319,27.5,1.25,-11.65,-30.84,-416.44,-24.53,642.23,-69.88,1.96,-28.35,-212.69,-18.94,12.6,-101.14,0.0,-201.27
145,318,27.7,1.13,-11.12,-31.51,-417.11,-24.36,643.03,-70.03,1.95,-28.41,-213.14,-18.99,12.84,-101.32,0.0,-201.56
146,318,27.86,1.24,-11.27,-30.16,-417.71,-21.76,641.09,-70.21,1.9,-28.27,-213.62,-18.99,12.89,-101.4,0.0,-201.62
147,318,27.53,1.53,-11.63,-29.78,-418.49,-22.09,642.55,-70.37,1.91,-28.52,-214.1,-18.99,13.03,-101.44,0.0,-201.97
148,318,27.79,-0.59,-11.37,-29.82,-419.6,-22.46,644.68,-70.53,1.87,-28.81,-214.69,-18.99,13.09,-101.54,0.0,-202.63
149,317,28.24,0.17,-10.85,-30.39,-419.78,-23.94,647.49,-70.63,1.87,-28.67,-214.55,-19.04,13.12,-101.87,0.0,-203.78
150,316,28.15,0.39,-10.71,-29.22,-421.21,-26.74,647.72,-70.94,1.78,-28.9,-216.36,-19.09,13.88,-101.58,0.0,-199.77
151,316,27.8,0.43,-10.85,-29.4,-421.49,-27.3,648.69,-71.04,1.72,-28.76,-216.59,-19.09,13.89,-101.62,0.0,-199.9
152,315,27.02,1.35,-11.46,-31.12,-422.14,-26.65,646.76,-71.13,1.66,-29.35,-216.93,-19.15,14.0,-101.22,0.0,-197.98
153,314,26.9,1.72,-11.56,-30.69,-421.58,-27.92,646.77,-71.04,1.6,-29.29,-216.6,-19.2,14.21,-101.24,0.0,-197.28
154,313,27.05,2.98,-11.39,-30.53,-422.19,-27.92,648.08,-71.35,1.53,-29.22,-217.14,-19.26,14.34,-101.08,0.0,-197.98
155,312,27.75,3.14,-10.68,-30.29,-421.66,-28.29,646.53,-70.44,1.48,-30.11,-217.51,-19.1,13.83,-99.81,0.0,-196.58
156,312,27.47,1.99,-10.77,-30.49,-422.22,-29.13,647.89,-70.36,1.48,-30.53,-217.74,-19.1,13.91,-99.87,0.0,-196.53
157,312,26.93,1.3,-10.95,-31.19,-422.34,-28.78,647.87,-70.04,1.48,-30.58,-218.02,-19.09,13.99,-100.07,0.0,-196.75
158,312,27.02,0.59,-10.76,-31.48,-422.65,-27.84,647.63,-69.93,1.47,-30.71,-218.16,-19.09,13.99,-100.2,0.0,-197.14
159,311,27.17,-0.83,-10.62,-31.98,-422.09,-28.23,647.33,-69.44,1.44,-30.94,-218.92,-19.15,14.73,-99.81,0.0,-197.01
160,311,27.87,-0.92,-10.36,-31.8,-422.73,-28.52,648.48,-69.43,1.46,-31.14,-219.39,-19.14,14.76,-99.84,0.0,-197.23
161,311,28.02,-1.33,-10.21,-30.9,-422.99,-29.07,649.37,-69.51,1.51,-31.1,-219.55,-19.15,14.69,-99.87,0.0,-197.32
162,311,28.58,-0.52,-9.72,-31.93,-423.58,-29.07,650.72,-69.55,1.49,-31.22,-219.66,-19.14,14.51,-100.01,0.0,-198.08
163,310,28.72,-0.14,-9.23,-32.36,-422.49,-27.79,644.59,-69.23,1.51,-31.16,-218.45,-19.2,14.4,-100.35,0.0,-194.31
164,310,28.8,0.32,-9.15,-31.96,-422.36,-28.12,645.35,-68.92,1.54,-31.08,-218.41,-19.2,14.56,-100.83,0.0,-194.88
165,310,28.01,0.41,-9.66,-31.11,-422.75,-28.73,646.63,-69.18,1.58,-30.89,-218.4,-19.2,14.46,-101.11,0.0,-195.16
166,310,27.01,-0.63,-10.51,-32.18,-423.47,-30.16,649.19,-69.19,1.6,-31.01,-218.66,-19.2,14.46,-101.46,0.0,-195.57
167,310,26.94,-1.81,-10.56,-32.35,-423.8,-28.89,648.35,-69.39,1.58,-31.29,-218.62,-19.2,14.69,-101.56,0.0,-195.66
168,310,27.15,-4.42,-10.36,-32.02,-424.13,-27.96,648.34,-69.41,1.59,-31.5,-218.8,-19.2,14.79,-101.59,0.0,-196.25
169,310,27.28,-4.42,-10.4,-32.54,-424.97,-27.76,648.61,-69.31,1.59,-31.5,-219.29,-19.2,14.55,-101.8,0.0,-195.88
170,310,27.29,-5.81,-10.34,-33.08,-425.29,-27.56,649.18,-69.39,1.58,-31.17,-219.74,-19.19,14.45,-101.83,0.0,-196.33
171,310,27.96,-6.0,-9.94,-32.3,-426.76,-27.08,650.54,-70.17,1.58,-31.25,-220.09,-19.19,14.4,-102.03,0.0,-196.71
172,310,27.87,-6.77,-9.89,-32.92,-426.42,-27.6,651.06,-70.51,1.66,-30.81,-220.0,-19.2,14.71,-102.27,0.0,-197.04
173,310,27.1,-5.93,-10.16,-33.43,-427.05,-27.17,651.26,-70.77,1.73,-30.77,-220.22,-19.19,14.63,-102.46,0.0,-197.04
174,310,27.03,-5.42,-10.26,-33.07,-427.57,-26.51,651.46,-71.12,1.68,-30.76,-220.43,-19.19,14.79,-102.52,0.0,-197.39
175,310,26.1,-7.26,-11.06,-32.87,-428.27,-27.18,652.87,-71.4,1.65,-30.87,-220.58,-19.19,14.83,-102.7,0.0,-197.42
176,310,26.51,-7.96,-10.66,-34.35,-428.51,-26.52,652.59,-71.33,1.65,-30.99,-220.81,-19.19,14.9,-102.73,0.0,-197.57
177,310,26.4,-7.74,-10.67,-34.45,-428.52,-26.76,653.2,-71.34,1.68,-30.95,-220.9,-19.19,14.96,-102.77,0.0,-197.91
178,310,26.31,-7.72,-10.91,-34.01,-428.28,-26.72,653.32,-71.42,1.78,-30.95,-220.75,-19.2,15.06,-102.79,0.0,-198.32
179,310,25.38,-6.61,-11.36,-33.88,-428.76,-26.91,654.38,-71.51,1.82,-31.16,-220.96,-19.2,15.15,-102.9,0.0,-198.71
180,310,24.93,-6.88,-11.7,-35.2,-429.98,-26.86,655.97,-71.56,1.72,-31.4,-221.23,-19.18,14.82,-103.13,0.0,-199.12
181,310,25.07,-6.73,-11.65,-34.5,-430.6,-27.03,656.73,-71.56,1.67,-31.86,-221.24,-19.19,14.74,-103.17,0.0,-199.1
182,310,24.87,-6.91,-11.65,-34.26,-431.09,-26.12,656.54,-71.5,1.7,-31.97,-221.59,-19.19,14.7,-103.23,0.0,-199.34
183,310,24.63,-7.52,-11.84,-34.12,-431.82,-26.27,657.51,-71.58,1.6,-32.15,-221.58,-19.21,14.42,-103.31,0.0,-199.42
184,310,23.97,-8.67,-12.28,-34.29,-432.39,-26.15,658.38,-71.41,1.59,-32.42,-221.74,-19.21,14.31,-103.5,0.0,-199.85
185,310,24.32,-8.95,-12.11,-34.81,-432.58,-25.8,658.97,-71.31,1.61,-32.48,-222.05,-19.21,14.48,-103.62,0.0,-200.6
186,310,24.2,-9.88,-12.02,-34.76,-432.35,-26.01,659.09,-70.91,1.59,-32.29,-222.29,-19.21,14.41,-103.64,0.0,-200.72
187,310,24.54,-9.76,-11.82,-34.14,-432.5,-26.1,659.39,-70.95,1.59,-32.1,-222.48,-19.27,14.35,-103.63,0.0,-200.78
188,310,24.6,-9.15,-11.83,-34.78,-433.26,-26.46,660.98,-71.02,1.53,-32.12,-222.72,-19.27,14.08,-103.73,0.0,-201.26
189,309,24.58,-7.86,-11.97,-34.67,-433.48,-26.53,661.13,-71.4,1.53,-32.2,-223.27,-19.15,13.81,-102.8,0.0,-201.12
190,309,24.4,-8.75,-12.13,-35.08,-434.26,-25.85,661.42,-71.64,1.47,-32.37,-223.47,-19.18,13.82,-102.88,0.0,-201.31
191,309,24.74,-7.31,-11.87,-35.11,-434.4,-25.12,661.1,-71.65,1.45,-32.49,-223.47,-19.3,13.96,-102.89,0.0,-201.59
192,309,25.25,-6.47,-11.36,-34.65,-434.74,-25.54,662.68,-71.64,1.42,-32.49,-223.56,-19.36,13.81,-102.91,0.0,-202.41
193,309,24.94,-6.25,-11.66,-34.87,-435.16,-24.25,664.65,-71.67,1.42,-32.59,-223.77,-19.36,13.74,-102.94,0.0,-205.25
194,309,24.2,-8.14,-12.18,-33.72,-435.31,-23.14,664.3,-71.32,1.43,-32.42,-224.75,-19.35,14.11,-103.01,0.0,-205.86
195,309,24.66,-5.95,-11.75,-34.48,-435.28,-23.08,664.44,-71.4,1.4,-32.01,-224.9,-19.35,14.03,-103.04,0.0,-206.08
196,309,24.39,-4.68,-11.8,-33.91,-435.37,-22.9,664.58,-71.33,1.42,-31.99,-225.05,-19.35,13.99,-103.06,0.0,-206.32
197,309,24.4,-6.0,-11.77,-34.04,-435.05,-23.06,665.08,-71.35,1.49,-31.77,-225.05,-19.34,14.06,-103.08,0.0,-206.97
198,309,24.65,-7.08,-11.64,-34.11,-434.8,-24.27,665.99,-71.37,1.57,-31.78,-224.93,-19.34,14.22,-103.16,0.0,-206.92
199,309,24.16,-5.67,-11.77,-34.03,-435.88,-24.04,667.59,-71.57,1.53,-31.93,-225.32,-19.33,14.18,-103.43,0.0,-207.67
200,309,24.28,-6.36,-11.59,-33.63,-436.03,-25.08,669.19,-71.63,1.55,-31.83,-225.5,-19.36,14.23,-103.47,0.0,-208.09
201,309,24.89,-8.24,-11.12,-34.24,-435.95,-25.3,669.51,-71.72,1.62,-31.66,-225.53,-19.36,14.18,-103.48,0.0,-208.26
202,309,25.33,-6.84,-10.83,-33.86,-435.49,-24.57,668.31,-71.65,1.64,-31.46,-225.23,-19.35,14.13,-103.55,0.0,-208.26
203,309,25.25,-6.87,-10.97,-34.59,-435.7,-25.05,668.99,-71.76,1.64,-31.7,-225.1,-19.34,14.14,-103.57,0.0,-208.24
204,309,24.66,-8.24,-11.27,-34.64,-436.15,-25.46,670.12,-71.62,1.6,-31.34,-224.97,-19.34,13.99,-104.46,0.0,-208.52
205,309,25.3,-6.87,-10.8,-34.55,-436.53,-25.95,671.05,-71.64,1.65,-31.41,-225.05,-19.34,13.98,-104.72,0.0,-208.57
206,309,25.07,-6.15,-10.89,-35.62,-437.03,-26.13,671.8,-71.7,1.67,-31.45,-225.43,-19.34,14.03,-104.8,0.0,-208.65
207,309,25.49,-6.85,-10.56,-36.19,-437.08,-26.1,671.7,-71.77,1.67,-31.23,-225.63,-19.37,14.17,-104.91,0.0,-208.53
208,308,25.38,-7.34,-10.74,-36.89,-436.43,-23.93,669.41,-71.8,1.66,-31.23,-226.12,-19.38,14.22,-103.78,0.0,-209.06
209,308,25.18,-7.19,-10.77,-36.16,-436.3,-25.19,670.63,-71.61,1.68,-31.26,-226.04,-19.4,14.22,-103.89,0.0,-209.14
210,307,25.22,-8.4,-10.51,-36.09,-436.64,-24.85,671.61,-71.57,1.6,-31.12,-226.23,-19.45,14.41,-104.28,0.0,-210.13
211,306,24.43,-7.7,-11.25,-36.39,-434.96,-24.89,669.07,-71.36,1.55,-31.28,-225.88,-19.51,14.4,-102.88,0.0,-209.22
212,305,24.02,-7.77,-11.35,-35.84,-435.75,-24.03,670.61,-71.32,1.48,-31.36,-226.13,-19.56,14.36,-103.2,0.0,-210.84
213,304,23.94,-8.4,-11.3,-36.75,-434.3,-22.92,668.66,-71.19,1.57,-30.86,-225.27,-19.61,14.47,-103.41,0.0,-211.45
214,303,23.67,-9.82,-11.38,-37.44,-430.85,-23.53,661.46,-70.43,1.36,-32.11,-223.63,-18.88,13.71,-100.86,0.0,-207.09
215,303,23.73,-10.83,-11.5,-37.25,-430.89,-24.43,662.59,-70.66,1.41,-31.89,-223.77,-18.88,13.79,-100.88,0.0,-207.28
216,303,23.6,-9.36,-11.44,-37.38,-431.08,-23.84,662.67,-70.73,1.4,-32.03,-223.85,-18.88,13.96,-100.94,0.0,-207.75
217,303,23.81,-10.5,-11.37,-38.57,-431.42,-24.05,663.39,-71.06,1.44,-31.96,-224.17,-18.86,14.18,-100.98,0.0,-207.92
218,303,23.31,-10.67,-11.71,-38.28,-432.01,-24.83,665.04,-71.11,1.43,-32.07,-224.43,-18.87,14.07,-101.03,0.0,-208.2
219,302,23.85,-11.53,-11.39,-37.94,-431.79,-26.37,666.79,-70.97,1.49,-32.18,-224.0,-18.93,14.1,-101.28,0.0,-208.63
220,302,23.01,-11.76,-11.96,-38.25,-432.09,-26.67,667.4,-70.99,1.56,-32.21,-224.28,-18.93,14.14,-101.38,0.0,-208.65
221,302,22.26,-11.3,-12.52,-37.29,-432.59,-27.15,668.64,-71.01,1.57,-32.36,-224.49,-18.93,14.12,-101.49,0.0,-208.9
222,302,21.74,-12.4,-13.0,-36.66,-432.87,-27.91,669.88,-71.23,1.54,-32.25,-224.55,-18.92,14.1,-101.54,0.0,-209.11
223,302,21.39,-12.41,-13.35,-36.14,-433.44,-28.66,671.36,-71.33,1.56,-32.58,-224.6,-18.92,13.98,-101.56,0.0,-209.27
224,302,21.72,-11.92,-13.07,-37.37,-433.91,-27.14,670.58,-71.28,1.51,-32.42,-224.43,-18.91,13.94,-102.33,0.0,-209.54
225,302,22.02,-13.73,-12.77,-36.89,-434.07,-28.03,671.89,-71.11,1.56,-32.45,-224.41,-18.91,13.6,-102.35,0.0,-209.8
226,301,21.67,-14.9,-13.34,-38.7,-432.5,-27.92,668.1,-71.34,1.55,-32.33,-224.52,-18.32,13.3,-100.83,0.0,-207.68
227,300,21.52,-13.82,-13.35,-37.79,-433.27,-27.64,668.77,-71.43,1.51,-32.49,-224.97,-18.39,13.39,-100.89,0.0,-207.87
228,299,21.48,-12.67,-13.49,-37.39,-433.51,-27.62,667.67,-71.54,1.53,-33.18,-225.07,-18.28,13.44,-100.41,0.0,-206.54
229,299,21.32,-11.88,-13.58,-38.38,-434.08,-27.92,668.79,-71.63,1.52,-33.41,-225.29,-18.28,13.43,-100.41,0.0,-206.8
230,298,22.29,-11.69,-12.85,-39.07,-433.6,-27.87,669.22,-71.35,1.56,-33.01,-225.25,-18.33,13.45,-100.67,0.0,-207.75
231,298,22.08,-12.21,-13.05,-38.83,-433.63,-30.16,672.0,-71.55,1.58,-32.7,-225.27,-18.32,13.31,-100.66,0.0,-208.22
232,298,21.98,-11.33,-13.14,-39.03,-433.43,-30.7,672.5,-71.56,1.58,-32.52,-225.2,-18.32,13.3,-100.7,0.0,-208.37
233,298,21.38,-13.27,-13.52,-40.07,-433.86,-31.11,674.02,-71.36,1.58,-32.65,-225.36,-18.32,13.06,-100.8,0.0,-209.06
234,298,21.54,-13.41,-13.54,-39.69,-434.18,-30.8,674.43,-71.59,1.55,-32.63,-225.51,-18.31,13.2,-100.88,0.0,-209.45
235,298,21.44,-14.71,-13.65,-39.9,-434.3,-30.53,674.46,-71.58,1.58,-32.58,-225.64,-18.31,13.23,-100.99,0.0,-209.63
236,297,21.82,-15.09,-13.47,-39.06,-434.04,-30.48,674.58,-72.0,1.62,-32.21,-225.4,-18.16,13.18,-101.06,0.0,-210.06
237,297,22.15,-14.44,-13.14,-39.07,-434.54,-29.99,674.7,-71.8,1.67,-32.34,-225.65,-18.17,12.87,-101.11,0.0,-210.18
238,297,22.5,-14.4,-13.13,-38.91,-434.27,-29.6,674.28,-71.76,1.68,-32.15,-225.49,-18.16,12.9,-101.28,0.0,-210.42
239,297,21.37,-15.21,-13.92,-38.89,-434.51,-30.23,675.14,-71.7,1.68,-31.92,-225.7,-18.16,12.67,-101.38,0.0,-210.39
240,297,20.02,-15.23,-14.95,-38.99,-435.03,-30.53,676.26,-71.95,1.67,-31.91,-225.75,-18.17,12.59,-101.51,0.0,-210.7
241,297,19.99,-16.41,-14.87,-39.13,-435.3,-29.87,676.12,-71.99,1.76,-31.91,-225.75,-18.17,12.56,-101.81,0.0,-210.95
242,296,20.55,-15.98,-14.57,-39.43,-434.3,-29.11,675.16,-71.83,1.81,-31.58,-225.7,-18.22,12.7,-101.48,0.0,-211.76
243,295,21.17,-16.27,-14.25,-39.59,-434.61,-30.02,677.38,-72.18,1.84,-31.61,-225.23,-18.26,12.79,-101.96,0.0,-212.75
244,295,21.1,-16.67,-14.22,-40.76,-435.12,-30.57,678.96,-72.07,1.79,-31.69,-225.57,-18.26,12.67,-101.99,0.0,-213.26
245,295,21.11,-17.29,-14.06,-39.77,-435.27,-31.3,679.93,-72.02,1.78,-31.72,-225.52,-18.26,12.45,-101.98,0.0,-213.36
246,295,21.76,-16.67,-13.55,-41.59,-436.66,-28.65,679.14,-72.87,1.79,-31.88,-225.55,-18.34,12.22,-102.01,0.0,-213.83
247,295,22.1,-18.04,-13.14,-40.49,-437.09,-27.21,678.33,-73.01,1.83,-32.14,-225.51,-18.35,12.15,-102.05,0.0,-214.03
248,295,23.2,-17.46,-12.65,-38.86,-436.44,-28.53,680.87,-73.53,1.85,-32.07,-224.23,-18.51,12.27,-102.21,0.0,-215.9
249,295,23.12,-17.71,-12.78,-38.83,-436.35,-29.61,682.57,-73.42,1.88,-31.9,-224.14,-18.52,12.37,-102.62,0.0,-216.61
250,295,23.03,-16.89,-12.73,-38.54,-437.55,-29.79,684.51,-73.48,1.89,-32.03,-224.71,-18.97,12.47,-102.7,0.0,-217.17
251,295,22.42,-18.71,-13.07,-39.04,-438.43,-29.26,685.62,-73.48,1.86,-32.19,-225.41,-18.97,12.45,-102.68,0.0,-217.93
252,295,21.92,-19.5,-13.29,-40.13,-438.95,-29.77,687.22,-73.66,1.87,-32.15,-225.65,-18.99,12.5,-102.87,0.0,-218.51
253,295,22.15,-18.05,-13.21,-39.59,-438.81,-29.07,686.67,-73.73,1.87,-32.29,-225.3,-19.02,12.56,-102.89,0.0,-218.79
254,295,21.68,-19.67,-13.5,-40.04,-438.83,-29.16,686.87,-73.88,1.87,-32.38,-225.1,-19.07,12.66,-102.93,0.0,-218.87
255,295,21.0,-20.08,-13.99,-40.04,-438.82,-29.76,687.57,-73.94,1.88,-32.39,-225.12,-19.08,12.78,-102.95,0.0,-218.98
256,295,21.03,-19.81,-13.82,-40.17,-439.58,-29.75,688.39,-74.05,1.93,-32.75,-225.37,-19.07,12.71,-102.97,0.0,-219.06
257,295,20.95,-20.88,-13.72,-40.67,-440.1,-30.2,689.63,-74.31,1.91,-32.8,-225.55,-19.07,12.78,-103.05,0.0,-219.33
258,295,20.6,-20.17,-13.95,-41.53,-441.01,-30.89,691.36,-74.07,1.88,-33.29,-226.03,-19.11,12.87,-103.26,0.0,-219.47
259,295,20.67,-20.94,-13.65,-42.03,-441.69,-31.02,692.34,-74.05,1.78,-33.55,-226.15,-19.12,12.78,-103.39,0.0,-219.63
260,294,21.38,-20.97,-12.93,-41.19,-441.78,-30.34,693.41,-74.14,1.78,-33.78,-225.56,-19.22,12.85,-103.71,0.0,-221.29
261,293,22.08,-21.31,-12.56,-40.73,-441.0,-30.14,692.32,-73.87,1.78,-33.68,-225.84,-19.31,13.01,-103.08,0.0,-221.17
262,293,20.41,-21.46,-13.78,-40.96,-441.72,-30.27,693.24,-73.89,1.74,-34.02,-226.14,-19.32,13.01,-103.09,0.0,-221.25
263,293,20.13,-21.88,-14.2,-41.12,-442.47,-29.54,693.46,-73.8,1.71,-34.42,-226.29,-19.38,12.8,-103.1,0.0,-221.45
264,293,19.75,-20.56,-14.29,-41.58,-442.8,-30.3,694.62,-73.73,1.68,-34.68,-226.2,-19.43,12.67,-103.12,0.0,-221.51
265,292,19.98,-22.66,-13.9,-42.66,-443.48,-30.54,696.53,-73.87,1.73,-34.62,-226.45,-19.51,12.71,-103.46,0.0,-222.52
266,292,19.38,-22.87,-14.06,-42.72,-444.0,-30.47,697.3,-74.14,1.7,-34.64,-226.3,-19.56,12.68,-103.74,0.0,-222.83
267,292,19.62,-23.62,-14.02,-42.17,-443.99,-30.24,697.3,-74.03,1.68,-34.68,-226.29,-19.58,12.72,-103.79,0.0,-223.07
268,292,19.38,-22.03,-14.17,-42.49,-444.21,-30.46,697.86,-74.02,1.6,-34.67,-226.49,-19.6,12.79,-103.82,0.0,-223.18
269,292,19.25,-21.0,-14.29,-42.83,-444.19,-29.64,696.96,-73.93,1.5,-34.52,-226.25,-19.6,12.75,-104.13,0.0,-223.12
270,292,18.78,-21.51,-14.67,-42.86,-443.7,-30.34,697.21,-74.04,1.44,-34.18,-225.97,-19.61,12.81,-104.15,0.0,-223.16
271,291,18.85,-21.22,-14.3,-42.84,-442.77,-31.4,694.44,-74.52,1.45,-33.37,-225.93,-19.68,13.37,-104.09,0.0,-220.27
272,291,18.38,-20.47,-14.54,-42.83,-443.01,-32.07,695.33,-74.64,1.46,-33.41,-225.88,-19.67,13.28,-104.14,0.0,-220.26
273,291,17.8,-21.0,-14.75,-42.83,-443.35,-31.1,694.76,-74.57,1.43,-33.48,-226.02,-19.68,13.14,-104.18,0.0,-220.3
274,290,17.3,-21.59,-15.09,-43.22,-443.56,-32.19,696.01,-74.64,1.4,-32.92,-226.19,-19.72,13.02,-104.49,0.0,-220.26
275,289,17.82,-22.07,-14.58,-43.04,-442.26,-28.96,691.9,-74.34,1.3,-32.61,-226.38,-19.8,13.02,-103.44,0.0,-220.68
276,289,17.28,-23.33,-14.82,-43.28,-442.24,-31.22,694.43,-74.42,1.31,-32.59,-226.36,-19.8,13.09,-103.46,0.0,-220.97
277,289,17.33,-19.82,-14.62,-42.58,-442.22,-30.93,694.09,-74.3,1.34,-32.77,-226.33,-19.8,13.11,-103.46,0.0,-220.94
278,289,17.66,-20.33,-14.31,-42.61,-442.12,-31.62,694.78,-74.23,1.37,-33.01,-226.15,-19.81,13.18,-103.47,0.0,-221.04
279,289,17.73,-21.73,-14.25,-42.77,-442.75,-30.77,694.75,-74.24,1.36,-33.6,-226.12,-19.81,13.16,-103.49,0.0,-221.23
280,288,16.7,-23.09,-15.02,-43.16,-440.27,-30.39,691.52,-72.95,1.34,-33.21,-226.55,-19.71,13.23,-102.4,0.0,-220.86
281,286,17.71,-21.38,-14.04,-41.74,-439.46,-29.75,691.56,-73.19,1.49,-32.95,-227.16,-19.02,13.29,-101.92,0.0,-222.34
282,285,17.34,-21.94,-14.15,-42.39,-439.84,-31.49,693.44,-72.85,1.49,-33.29,-227.5,-19.09,13.32,-101.91,0.0,-222.11
283,285,17.37,-22.38,-14.11,-42.5,-440.11,-31.2,693.65,-72.78,1.44,-33.52,-227.53,-19.09,13.39,-102.01,0.0,-222.35
284,285,16.75,-23.33,-14.53,-42.09,-440.45,-30.92,693.72,-72.67,1.42,-33.83,-227.67,-19.09,13.46,-102.08,0.0,-222.35
285,285,17.01,-23.22,-14.14,-42.67,-440.86,-31.25,694.62,-72.61,1.41,-34.01,-227.7,-19.09,13.33,-102.18,0.0,-222.52
286,285,16.89,-22.89,-14.5,-42.58,-441.83,-29.73,694.36,-72.55,1.42,-33.96,-227.61,-19.08,13.37,-103.42,0.0,-222.8
287,284,17.73,-22.83,-14.25,-42.62,-441.99,-30.06,695.43,-72.54,1.46,-34.13,-228.04,-19.13,13.52,-103.13,0.0,-223.38
288,284,16.72,-22.36,-14.78,-42.77,-442.15,-30.39,695.86,-72.59,1.45,-33.99,-228.12,-19.13,13.38,-103.15,0.0,-223.32
289,284,16.86,-23.29,-14.54,-42.03,-442.06,-29.67,695.98,-72.39,1.43,-33.85,-228.21,-19.15,13.31,-103.19,0.0,-224.26
290,284,17.12,-22.52,-14.39,-42.16,-441.98,-31.92,698.08,-72.24,1.39,-33.87,-228.3,-19.14,13.41,-103.21,0.0,-224.18
291,284,17.11,-21.67,-14.42,-42.68,-441.76,-32.12,698.07,-72.19,1.45,-33.7,-228.33,-19.14,13.38,-103.22,0.0,-224.18
292,284,17.47,-20.94,-14.08,-41.94,-441.74,-33.18,699.07,-72.07,1.53,-33.83,-228.11,-19.15,13.15,-103.25,0.0,-224.15
293,284,18.23,-20.66,-13.51,-42.24,-441.26,-33.81,699.59,-71.97,1.59,-33.68,-227.9,-19.16,13.26,-103.4,0.0,-224.52
294,284,18.1,-19.91,-13.53,-41.93,-441.03,-34.4,699.86,-71.8,1.68,-33.96,-227.73,-19.16,13.36,-103.41,0.0,-224.42
295,284,17.89,-19.78,-13.49,-43.03,-440.89,-34.13,699.57,-71.72,1.67,-33.86,-227.79,-19.15,13.38,-103.42,0.0,-224.54
296,284,17.92,-20.3,-13.31,-42.36,-440.86,-34.66,700.17,-71.54,1.65,-33.89,-227.88,-19.16,13.43,-103.48,0.0,-224.65
297,284,17.25,-20.66,-13.7,-43.81,-440.22,-33.64,698.65,-71.34,1.67,-33.83,-227.72,-19.16,13.64,-103.48,0.0,-224.8
298,284,17.56,-22.91,-13.07,-43.02,-439.97,-32.45,697.28,-71.01,1.69,-33.68,-227.86,-19.18,13.76,-103.69,0.0,-224.85
299,284,17.77,-22.88,-13.05,-43.31,-440.36,-32.69,698.35,-70.84,1.73,-33.87,-228.24,-19.18,13.75,-103.71,0.0,-225.29
300,284,17.93,-21.37,-12.87,-42.67,-440.57,-32.68,698.72,-70.68,1.69,-34.05,-228.37,-19.18,13.74,-103.71,0.0,-225.46
301,284,17.14,-21.63,-13.33,-42.48,-441.0,-33.69,700.47,-70.49,1.68,-34.46,-228.55,-19.19,13.73,-103.71,0.0,-225.79
302,284,16.86,-21.33,-13.64,-41.38,-441.06,-34.01,701.01,-70.12,1.72,-34.67,-228.9,-19.19,13.84,-103.71,0.0,-225.95
303,284,16.91,-22.59,-13.37,-41.85,-441.03,-33.11,700.21,-69.53,1.76,-34.84,-229.44,-19.19,13.94,-103.71,0.0,-226.07
304,283,16.61,-23.16,-13.6,-42.62,-441.86,-33.27,702.0,-69.25,1.8,-34.99,-230.18,-19.26,13.98,-103.95,0.0,-226.88
305,283,16.25,-23.91,-13.61,-43.44,-441.22,-32.1,700.25,-68.72,1.89,-34.99,-230.14,-19.26,13.96,-103.95,0.0,-226.94
306,283,15.72,-23.71,-14.03,-43.91,-439.8,-31.62,698.41,-68.37,1.91,-33.85,-230.14,-19.26,13.86,-103.96,0.0,-226.99
307,283,15.66,-23.45,-14.05,-43.51,-439.94,-31.03,698.63,-67.82,1.89,-34.09,-230.38,-19.26,13.73,-104.0,0.0,-227.65
308,283,15.08,-23.68,-14.49,-44.42,-439.99,-31.16,699.16,-68.01,1.9,-33.96,-230.4,-19.26,13.8,-104.07,0.0,-228.0
309,283,14.99,-22.97,-14.39,-44.15,-439.53,-30.96,699.23,-67.75,1.95,-33.82,-230.36,-19.26,13.78,-104.07,0.0,-228.74
310,283,15.34,-22.69,-14.15,-44.85,-440.65,-31.92,701.64,-67.89,1.94,-33.86,-231.15,-19.26,13.65,-104.08,0.0,-229.07
311,283,15.25,-23.82,-14.31,-44.09,-440.06,-31.57,700.82,-67.68,1.92,-33.72,-230.95,-19.26,13.74,-104.1,0.0,-229.18
312,282,15.74,-21.87,-13.99,-44.63,-440.32,-31.77,701.76,-67.75,2.05,-33.45,-231.24,-19.33,13.88,-104.48,0.0,-229.68
313,281,16.11,-22.53,-14.11,-44.56,-440.78,-32.24,703.29,-67.59,2.11,-33.42,-231.68,-19.4,13.96,-104.75,0.0,-230.27
314,279,15.42,-22.42,-14.21,-44.58,-441.24,-30.45,702.76,-67.68,2.09,-33.6,-231.38,-19.25,13.83,-105.24,0.0,-231.06
315,279,14.91,-22.77,-14.35,-45.42,-441.82,-31.2,704.99,-67.56,2.02,-33.71,-231.84,-19.25,13.83,-105.3,0.0,-231.97
316,279,15.22,-21.82,-14.24,-45.89,-441.65,-30.58,704.35,-67.53,2.13,-33.75,-231.87,-19.25,13.95,-105.33,0.0,-232.12
317,279,15.4,-22.5,-14.11,-46.17,-441.48,-28.85,704.62,-67.51,2.15,-33.71,-231.84,-19.25,14.0,-105.32,0.0,-234.28
318,279,14.86,-20.83,-14.71,-45.19,-441.32,-28.86,704.62,-67.25,2.16,-33.72,-231.88,-19.25,13.97,-105.35,0.0,-234.44
319,279,15.38,-21.73,-14.2,-45.85,-440.87,-28.38,703.78,-67.1,2.2,-33.74,-231.65,-19.25,14.04,-105.36,0.0,-234.53
320,279,15.44,-20.33,-14.36,-45.85,-440.15,-28.08,702.8,-67.12,2.27,-33.29,-231.58,-19.25,14.21,-105.37,0.0,-234.57
321,279,16.53,-21.09,-13.72,-44.89,-437.79,-29.56,702.06,-67.22,2.33,-31.25,-231.56,-19.25,14.57,-105.39,0.0,-234.7
322,279,16.25,-21.91,-13.88,-45.85,-437.4,-28.51,701.36,-67.3,2.43,-30.86,-231.58,-19.25,14.58,-105.41,0.0,-235.45
323,278,15.45,-21.65,-14.57,-45.22,-438.87,-30.28,705.48,-67.35,2.44,-31.18,-232.44,-19.31,14.72,-105.74,0.0,-236.32
324,277,15.77,-22.0,-14.13,-44.46,-437.69,-29.67,704.31,-67.4,2.39,-31.24,-232.62,-19.19,14.82,-104.43,0.0,-236.95
325,277,15.48,-22.25,-14.34,-44.41,-437.8,-30.45,706.07,-67.42,2.43,-31.36,-232.63,-19.2,14.82,-104.44,0.0,-237.82
326,277,15.0,-23.08,-15.06,-45.11,-438.15,-30.49,706.56,-67.64,2.44,-31.38,-232.94,-19.2,15.01,-104.43,0.0,-237.92
327,277,14.91,-22.94,-14.83,-45.64,-438.1,-30.42,706.93,-67.63,2.48,-31.43,-232.88,-19.19,15.0,-104.45,0.0,-238.4
328,277,15.04,-23.38,-14.65,-45.12,-437.76,-30.4,706.67,-67.54,2.49,-31.24,-232.78,-19.19,14.99,-104.47,0.0,-238.51
329,277,15.52,-21.53,-14.4,-45.12,-437.56,-30.85,707.09,-67.66,2.53,-31.15,-232.7,-19.23,15.19,-104.54,0.0,-238.68
330,276,14.97,-22.76,-14.66,-45.09,-437.15,-31.18,707.73,-67.9,2.57,-31.48,-233.21,-19.28,15.29,-103.13,0.0,-239.4
331,275,14.35,-22.58,-15.08,-44.63,-438.19,-30.54,708.96,-68.14,2.55,-31.59,-233.62,-19.34,15.43,-103.47,0.0,-240.22
332,275,14.23,-24.29,-15.22,-46.21,-437.95,-30.86,709.18,-67.96,2.52,-31.39,-233.73,-19.34,15.57,-103.61,0.0,-240.37
333,274,14.31,-22.76,-15.01,-46.48,-438.63,-30.62,710.54,-67.7,2.55,-31.73,-234.16,-19.39,15.76,-103.96,0.0,-241.29
334,274,13.75,-23.29,-15.32,-46.81,-439.09,-29.27,710.77,-67.83,2.63,-32.01,-234.29,-19.39,15.77,-103.96,0.0,-242.41
335,274,13.88,-23.59,-15.05,-46.82,-439.28,-29.15,710.88,-67.83,2.61,-32.31,-234.15,-19.39,15.77,-103.98,0.0,-242.45
336,273,13.77,-22.0,-15.19,-46.87,-439.07,-30.28,712.56,-67.88,2.57,-32.4,-233.3,-19.46,15.74,-104.33,0.0,-243.21
337,272,12.76,-23.2,-16.23,-46.5,-439.07,-32.53,711.45,-66.69,2.55,-34.75,-233.99,-18.66,15.33,-102.85,0.0,-239.85
338,271,13.73,-23.06,-15.68,-46.76,-439.7,-28.99,711.1,-67.06,2.57,-34.82,-233.37,-18.73,15.57,-103.85,0.0,-242.41
339,270,13.4,-24.49,-16.15,-46.62,-439.02,-28.53,711.05,-66.97,2.51,-34.65,-232.92,-18.31,15.77,-104.45,0.0,-243.5
340,270,13.45,-24.7,-16.19,-47.62,-439.92,-27.33,711.26,-66.95,2.39,-34.66,-233.38,-18.31,15.6,-104.61,0.0,-244.01
341,270,13.6,-26.0,-16.17,-47.58,-439.65,-25.89,709.61,-66.95,2.4,-34.52,-233.19,-18.31,15.56,-104.63,0.0,-244.07
342,270,13.35,-24.96,-16.32,-47.52,-439.72,-25.07,708.97,-67.34,2.36,-34.61,-232.74,-18.31,15.57,-104.63,0.0,-244.18
343,270,13.25,-26.33,-16.45,-48.5,-439.61,-24.56,708.67,-67.3,2.27,-34.68,-232.49,-18.31,15.59,-104.69,0.0,-244.51
344,270,13.6,-25.86,-16.35,-47.59,-439.72,-24.56,708.86,-67.21,2.23,-34.91,-232.48,-18.31,15.75,-104.77,0.0,-244.58
345,268,14.46,-24.94,-15.77,-48.12,-441.16,-24.7,711.99,-67.31,2.34,-35.11,-233.88,-18.34,15.98,-104.82,0.0,-246.12
346,267,14.52,-24.24,-15.77,-48.09,-439.86,-26.26,712.83,-67.52,2.4,-33.69,-234.5,-18.33,16.16,-104.38,0.0,-246.71
347,267,14.27,-23.62,-16.04,-48.28,-440.2,-27.1,714.0,-67.46,2.36,-33.82,-234.82,-18.33,16.3,-104.44,0.0,-246.7
348,264,13.89,-22.79,-16.5,-48.38,-444.72,-27.25,721.3,-68.3,2.41,-33.99,-237.81,-18.53,16.51,-105.0,0.0,-249.33
349,263,14.67,-23.85,-16.24,-47.65,-445.81,-26.19,721.92,-68.32,2.42,-34.06,-238.64,-18.6,16.73,-105.33,0.0,-249.91
350,263,14.51,-24.5,-16.18,-47.82,-445.78,-26.3,721.99,-68.28,2.46,-33.97,-238.71,-18.61,16.7,-105.36,0.0,-249.91
351,263,14.14,-24.86,-16.5,-48.7,-446.35,-26.33,722.76,-68.42,2.41,-34.15,-238.78,-18.61,16.66,-105.45,0.0,-250.09
352,263,14.13,-24.86,-16.53,-47.62,-446.07,-25.89,722.14,-68.69,2.44,-33.78,-239.01,-18.62,17.08,-105.48,0.0,-250.18
353,263,13.93,-24.38,-16.63,-47.17,-446.05,-26.01,722.14,-68.46,2.36,-33.85,-238.98,-18.62,16.97,-105.45,0.0,-250.08
354,263,14.13,-24.82,-16.64,-48.1,-446.67,-25.6,722.25,-68.53,2.27,-34.01,-239.23,-18.63,16.92,-105.45,0.0,-249.98
355,263,14.32,-25.49,-16.38,-47.93,-446.9,-25.1,722.16,-68.81,2.26,-34.03,-239.09,-18.62,16.87,-105.47,0.0,-250.16
356,263,13.98,-24.67,-16.76,-48.08,-447.28,-25.21,722.73,-68.89,2.26,-34.08,-239.25,-18.61,16.8,-105.5,0.0,-250.25
357,263,13.67,-25.29,-16.94,-47.74,-447.84,-25.43,723.63,-69.02,2.19,-34.33,-239.45,-18.61,16.94,-105.56,0.0,-250.36
358,263,13.78,-25.0,-16.72,-48.62,-448.65,-25.08,724.29,-69.19,2.2,-34.57,-239.49,-18.6,16.89,-105.88,0.0,-250.55
359,263,13.5,-24.8,-16.97,-48.58,-448.25,-22.05,727.02,-68.39,2.14,-34.59,-239.56,-18.61,16.73,-105.96,0.0,-256.71
360,263,13.95,-24.61,-16.49,-49.81,-449.58,-24.58,731.16,-68.9,2.15,-34.86,-239.7,-18.61,16.45,-106.09,0.0,-257.0
361,263,13.7,-24.62,-16.72,-50.15,-450.24,-22.18,730.88,-68.87,2.1,-35.0,-239.68,-18.61,16.28,-106.44,0.0,-258.45
362,263,14.04,-25.15,-16.47,-49.64,-450.64,-21.78,731.31,-69.01,2.1,-34.98,-239.67,-18.62,16.02,-106.47,0.0,-258.89
363,263,13.73,-24.42,-16.68,-50.71,-451.14,-22.49,733.25,-68.96,2.06,-35.1,-239.94,-18.62,15.92,-106.49,0.0,-259.62
364,263,14.5,-26.72,-16.06,-49.06,-450.85,-24.3,734.96,-69.03,2.09,-35.04,-239.51,-18.64,15.8,-106.51,0.0,-259.81
365,263,14.54,-24.44,-15.82,-50.22,-450.69,-25.12,736.98,-69.15,2.03,-35.0,-239.3,-18.64,15.89,-106.52,0.0,-261.16
366,263,13.58,-26.98,-16.61,-49.45,-450.34,-26.78,738.4,-69.03,2.0,-34.91,-238.98,-18.64,15.76,-106.54,0.0,-261.28
367,262,13.7,-27.51,-16.46,-49.26,-451.49,-27.0,740.68,-69.01,1.99,-35.11,-239.6,-18.71,15.87,-106.91,0.0,-262.19
368,261,12.99,-27.3,-17.25,-49.68,-453.36,-27.15,743.79,-69.02,2.0,-35.93,-240.54,-18.51,15.69,-107.04,0.0,-263.28
369,261,12.43,-26.54,-17.7,-48.5,-453.32,-26.7,743.45,-68.59,1.95,-35.92,-240.66,-18.51,15.52,-107.11,0.0,-263.43
370,261,13.05,-26.57,-17.19,-49.07,-452.56,-26.95,743.41,-67.79,1.92,-35.91,-240.68,-18.52,15.55,-107.11,0.0,-263.91
371,260,12.47,-25.86,-17.54,-48.63,-453.28,-26.57,743.29,-68.7,1.85,-35.96,-241.71,-18.05,15.51,-106.2,0.0,-263.44
372,259,13.31,-25.36,-17.04,-47.4,-454.15,-25.64,743.35,-68.73,1.81,-35.84,-242.42,-18.13,15.57,-106.42,0.0,-263.57
373,259,13.08,-25.46,-17.12,-47.97,-453.93,-25.16,742.68,-68.64,1.86,-35.64,-242.41,-18.12,15.46,-106.43,0.0,-263.59
374,258,13.39,-25.04,-17.11,-48.84,-454.61,-25.26,744.7,-69.02,1.86,-35.37,-242.64,-18.19,15.56,-106.8,0.0,-264.83
375,258,13.35,-24.21,-17.44,-48.75,-454.89,-24.64,744.6,-68.97,1.81,-35.44,-242.64,-18.18,15.36,-106.8,0.0,-265.07
376,258,13.35,-24.59,-17.42,-49.07,-455.45,-25.3,745.73,-68.83,1.75,-35.76,-242.8,-18.19,15.21,-106.82,0.0,-264.98
377,258,13.3,-23.84,-17.63,-47.85,-455.31,-23.58,744.09,-68.53,1.67,-35.86,-242.65,-18.19,15.15,-106.89,0.0,-265.2
378,258,14.55,-23.55,-16.86,-47.29,-454.67,-21.78,742.0,-68.11,1.64,-35.87,-242.6,-18.19,15.38,-106.92,0.0,-265.55
379,258,14.07,-22.68,-17.34,-48.03,-454.88,-22.43,743.07,-67.82,1.54,-36.14,-242.64,-18.19,15.4,-107.01,0.0,-265.76
380,258,14.61,-22.82,-16.85,-47.2,-454.32,-22.64,742.88,-67.53,1.52,-36.04,-242.57,-18.19,15.58,-107.07,0.0,-265.92
381,258,13.78,-23.74,-17.45,-47.38,-454.17,-22.37,742.36,-67.17,1.47,-36.21,-242.58,-18.19,15.59,-107.07,0.0,-265.82
382,258,13.87,-24.16,-17.29,-47.17,-454.13,-21.6,741.56,-66.48,1.46,-36.71,-242.69,-18.19,15.56,-107.07,0.0,-265.83
383,258,13.74,-23.3,-17.48,-48.1,-453.88,-22.65,742.39,-66.23,1.46,-36.76,-242.81,-18.19,15.72,-107.08,0.0,-265.86
384,258,13.68,-23.91,-17.55,-48.56,-453.39,-23.57,742.85,-66.14,1.41,-36.73,-242.56,-18.18,15.91,-107.09,0.0,-265.88
385,258,15.05,-25.33,-16.8,-48.32,-453.01,-21.85,740.8,-65.93,1.43,-36.64,-242.58,-18.18,15.98,-107.07,0.0,-265.94
386,258,14.71,-24.08,-17.0,-47.95,-452.61,-23.09,741.8,-65.5,1.42,-36.43,-242.99,-18.18,16.16,-107.07,0.0,-266.09
387,258,14.96,-23.08,-16.85,-48.29,-451.87,-23.56,741.58,-65.42,1.4,-36.47,-242.69,-18.18,16.58,-107.08,0.0,-266.15
388,258,14.8,-23.59,-17.09,-47.04,-453.39,-22.94,742.61,-66.12,1.4,-36.53,-243.46,-18.18,16.61,-107.1,0.0,-266.28
389,258,15.25,-23.7,-16.56,-48.03,-453.97,-22.73,742.85,-65.96,1.35,-36.71,-243.96,-18.17,16.65,-107.15,0.0,-266.15
390,258,14.29,-24.06,-17.49,-48.81,-454.07,-21.31,742.79,-65.84,1.33,-36.65,-244.18,-18.16,16.6,-107.17,0.0,-267.42
391,258,13.92,-24.24,-17.79,-48.68,-451.81,-24.7,743.9,-65.9,1.37,-34.47,-244.32,-18.16,16.86,-107.17,0.0,-267.4
392,257,13.23,-24.76,-18.19,-48.47,-452.91,-26.06,747.42,-65.73,1.39,-34.67,-245.18,-18.22,17.07,-107.55,0.0,-268.46
393,256,13.83,-23.63,-17.87,-48.93,-453.81,-25.71,748.84,-65.85,1.37,-34.62,-246.34,-18.3,17.6,-107.66,0.0,-269.32
394,254,14.36,-23.76,-17.66,-49.34,-455.56,-24.26,751.29,-66.15,1.48,-34.49,-247.36,-18.38,17.86,-108.53,0.0,-271.47
395,254,13.75,-23.58,-18.29,-48.6,-455.45,-27.64,754.73,-66.17,1.59,-34.26,-247.53,-18.33,17.81,-108.55,0.0,-271.64
396,253,13.44,-24.77,-18.78,-49.23,-455.69,-29.41,755.38,-66.5,1.65,-34.07,-248.16,-17.64,17.29,-108.25,0.0,-270.28
397,252,14.0,-24.36,-18.15,-49.15,-457.07,-31.01,759.45,-66.52,1.6,-34.67,-248.64,-17.61,17.31,-108.54,0.0,-271.37
398,251,13.92,-24.43,-18.63,-50.02,-459.68,-30.96,760.06,-66.48,1.59,-35.25,-250.99,-17.12,17.55,-108.97,0.0,-269.42
399,251,13.79,-24.35,-18.76,-49.24,-460.48,-31.81,761.71,-66.75,1.61,-35.51,-251.27,-17.16,17.64,-109.02,0.0,-269.42
400,250,14.2,-24.49,-18.61,-48.5,-461.19,-32.16,762.85,-67.02,1.6,-35.25,-251.72,-17.25,17.67,-109.21,0.0,-269.5
401,249,14.68,-24.24,-19.15,-48.9,-461.06,-30.72,759.7,-67.32,1.65,-34.8,-251.85,-17.3,17.93,-109.36,0.0,-267.92
402,249,14.8,-25.62,-19.03,-50.35,-461.29,-30.77,760.15,-67.44,1.66,-34.92,-251.72,-17.31,17.84,-109.4,0.0,-268.09
403,248,14.07,-25.0,-20.37,-50.23,-463.27,-32.06,763.27,-67.45,1.66,-35.45,-252.87,-17.38,17.76,-109.54,0.0,-267.95
404,248,13.36,-26.53,-21.06,-49.62,-463.85,-33.48,765.17,-67.51,1.66,-35.72,-252.98,-17.39,17.64,-109.55,0.0,-267.84
405,246,14.13,-26.46,-20.69,-50.28,-465.32,-32.86,767.32,-67.68,1.74,-36.04,-254.1,-17.53,17.98,-109.68,0.0,-269.14
406,245,14.03,-26.27,-20.67,-48.77,-466.11,-31.32,767.67,-67.68,1.72,-36.25,-254.24,-17.59,18.04,-110.09,0.0,-270.24
407,245,14.36,-27.33,-20.44,-49.2,-466.25,-31.02,767.51,-67.55,1.7,-36.78,-254.16,-17.59,18.26,-110.13,0.0,-270.25
408,245,14.39,-26.08,-20.28,-50.09,-466.09,-31.28,767.57,-67.42,1.7,-36.94,-254.04,-17.58,18.33,-110.13,0.0,-270.2
409,244,13.72,-25.82,-21.26,-51.49,-475.95,-29.78,770.73,-70.8,1.69,-38.88,-254.42,-17.26,17.82,-114.08,0.0,-265.0
410,243,13.86,-26.18,-21.19,-50.6,-475.79,-31.03,770.28,-70.34,1.69,-38.67,-255.06,-17.32,18.06,-114.13,0.0,-263.46
411,242,13.41,-25.82,-21.78,-51.3,-476.36,-31.48,771.27,-70.97,1.72,-38.58,-255.34,-17.39,17.73,-113.54,0.0,-263.43
412,242,12.24,-26.2,-22.78,-51.06,-477.15,-31.14,771.82,-70.66,1.72,-39.29,-255.73,-17.38,17.75,-113.55,0.0,-263.53
413,241,13.19,-23.84,-22.2,-50.72,-476.91,-31.81,773.28,-70.59,1.75,-39.36,-256.09,-17.45,17.59,-112.75,0.0,-264.56
414,240,12.96,-24.05,-22.37,-49.58,-478.12,-32.16,774.47,-71.0,1.8,-39.41,-256.94,-17.43,17.63,-112.75,0.0,-264.2
415,238,13.28,-26.0,-22.0,-50.08,-479.92,-32.24,778.42,-71.62,1.76,-39.68,-257.97,-17.57,17.87,-112.7,0.0,-266.26
416,238,13.49,-26.01,-21.87,-50.22,-480.07,-32.96,779.28,-71.61,1.76,-39.73,-258.12,-17.57,17.93,-112.71,0.0,-266.26
417,237,13.01,-26.3,-22.3,-50.47,-482.09,-33.55,781.23,-72.13,1.69,-40.39,-258.69,-17.35,17.75,-112.95,0.0,-265.6
418,237,12.99,-27.8,-22.3,-51.29,-483.17,-34.83,783.64,-72.29,1.68,-40.79,-258.99,-17.35,17.63,-113.05,0.0,-265.65
419,236,13.0,-26.99,-21.97,-51.57,-482.61,-34.83,784.15,-72.75,1.92,-40.01,-258.41,-17.41,17.55,-113.49,0.0,-266.71
420,236,14.02,-27.21,-21.2,-51.57,-480.06,-34.34,781.73,-71.14,1.96,-39.54,-258.11,-17.42,17.77,-113.57,0.0,-267.33
421,236,13.22,-25.12,-21.8,-50.49,-479.96,-34.13,781.43,-69.95,1.89,-39.75,-258.57,-17.42,17.42,-113.57,0.0,-267.34
422,236,13.03,-24.88,-21.94,-50.98,-479.08,-34.4,781.04,-68.38,1.87,-40.05,-258.84,-17.42,17.32,-113.56,0.0,-267.56
423,236,13.2,-24.69,-21.98,-51.24,-478.67,-35.12,781.39,-67.23,1.78,-40.33,-259.02,-17.42,17.14,-113.58,0.0,-267.6
424,236,12.09,-26.24,-22.79,-52.2,-478.63,-34.89,781.32,-66.38,1.75,-40.7,-259.48,-17.43,17.23,-113.62,0.0,-267.79
425,236,12.08,-25.23,-22.75,-51.63,-479.16,-35.23,782.12,-66.41,1.68,-40.62,-259.8,-17.44,17.06,-113.62,0.0,-267.72
426,235,13.04,-26.14,-22.36,-51.41,-479.98,-33.15,781.07,-66.19,1.72,-40.77,-260.2,-17.5,16.96,-114.0,0.0,-267.95
427,235,12.59,-25.93,-22.73,-49.62,-480.84,-32.1,780.92,-66.24,1.72,-41.01,-260.52,-17.49,16.73,-114.02,0.0,-267.99
428,235,12.33,-25.33,-22.87,-49.88,-481.62,-33.28,783.08,-66.39,1.7,-41.16,-260.93,-17.49,16.71,-114.05,0.0,-268.18
429,235,11.93,-25.0,-23.31,-50.95,-482.13,-35.02,785.11,-66.52,1.69,-41.06,-261.3,-17.48,16.61,-114.06,0.0,-267.96
430,235,11.73,-24.86,-23.28,-51.17,-482.65,-35.23,785.69,-66.16,1.65,-41.51,-261.59,-17.47,16.66,-114.22,0.0,-267.8
431,234,10.95,-25.93,-23.89,-50.8,-482.63,-38.82,789.99,-65.83,1.68,-41.36,-261.66,-17.47,16.69,-114.67,0.0,-268.54
432,234,11.05,-26.66,-23.67,-50.46,-481.97,-39.75,790.96,-65.63,1.72,-41.0,-261.48,-17.47,16.59,-114.69,0.0,-269.24
433,234,12.05,-26.07,-23.09,-50.42,-481.42,-39.22,789.88,-65.59,1.74,-40.56,-261.53,-17.48,16.73,-114.7,0.0,-269.24
434,234,12.12,-28.79,-23.13,-52.06,-480.57,-39.33,789.05,-65.27,1.8,-39.94,-261.74,-17.48,16.79,-114.73,0.0,-269.15
435,234,11.67,-27.48,-23.35,-51.75,-479.91,-39.61,788.62,-64.36,1.83,-40.17,-261.82,-17.47,16.85,-114.77,0.0,-269.1
436,234,11.13,-27.84,-23.79,-51.25,-480.39,-40.64,790.25,-64.12,1.85,-40.8,-261.91,-17.48,16.89,-114.8,0.0,-269.22
437,234,12.51,-27.12,-22.98,-50.53,-480.64,-41.14,791.12,-64.27,1.81,-40.94,-261.84,-17.48,16.91,-114.82,0.0,-269.34
438,234,12.42,-26.22,-22.99,-49.44,-480.72,-41.11,791.23,-64.05,1.74,-41.16,-261.8,-17.48,16.88,-114.85,0.0,-269.39
439,234,12.12,-26.58,-23.19,-49.99,-481.47,-41.05,792.1,-64.01,1.66,-41.55,-261.92,-17.48,16.69,-114.85,0.0,-269.58
440,234,11.93,-26.53,-23.26,-49.65,-481.66,-41.4,792.48,-63.72,1.69,-41.8,-262.07,-17.49,16.58,-114.84,0.0,-269.42
441,234,11.76,-26.68,-23.48,-49.7,-481.29,-41.23,791.95,-63.11,1.71,-41.85,-262.29,-17.48,16.6,-114.84,0.0,-269.43
442,234,11.29,-26.6,-24.07,-50.0,-482.15,-41.09,792.66,-63.06,1.55,-42.44,-262.45,-17.48,16.59,-114.85,0.0,-269.42
443,234,10.7,-28.02,-24.42,-49.89,-481.51,-42.04,793.09,-62.7,1.51,-42.17,-262.58,-17.48,16.75,-114.84,0.0,-269.55
444,233,11.74,-25.58,-23.64,-50.79,-481.61,-42.73,795.56,-62.71,1.58,-42.04,-262.41,-17.54,16.95,-115.43,0.0,-271.21
445,233,12.88,-27.64,-22.85,-51.18,-481.12,-41.21,793.51,-62.77,1.66,-41.89,-262.26,-17.51,17.08,-115.43,0.0,-271.18
446,233,12.18,-28.04,-23.51,-51.33,-481.57,-43.48,796.3,-62.26,1.69,-41.93,-262.6,-17.48,16.97,-115.96,0.0,-271.25
447,233,11.76,-27.53,-23.79,-51.94,-480.94,-44.37,796.59,-61.77,1.69,-41.76,-262.61,-17.48,16.98,-115.97,0.0,-271.29
448,233,12.5,-27.36,-23.28,-51.71,-481.15,-43.34,795.95,-62.03,1.73,-41.68,-262.87,-17.48,17.23,-116.04,0.0,-271.46
449,232,13.15,-25.52,-22.89,-50.99,-478.93,-44.2,794.12,-61.89,1.72,-41.48,-263.06,-17.52,17.38,-114.07,0.0,-270.98
450,231,14.91,-27.5,-21.62,-51.48,-477.26,-43.5,791.96,-61.86,1.87,-40.61,-263.43,-17.56,17.96,-113.62,0.0,-271.2
451,230,15.39,-25.63,-21.27,-51.42,-476.58,-44.01,792.38,-61.54,1.92,-40.08,-263.47,-17.64,18.27,-114.03,0.0,-271.79
452,228,15.32,-24.61,-21.8,-51.38,-478.61,-45.4,795.75,-62.08,1.99,-40.1,-264.81,-17.73,18.71,-114.58,0.0,-271.74
453,228,14.82,-25.66,-22.16,-51.61,-478.43,-46.57,796.84,-61.8,1.98,-40.11,-264.91,-17.78,18.8,-114.6,0.0,-271.84
454,227,15.37,-24.33,-21.74,-50.3,-478.72,-47.2,799.19,-61.72,1.98,-39.77,-265.21,-17.86,18.95,-115.07,0.0,-273.27
455,227,15.29,-24.29,-21.93,-50.07,-479.05,-47.23,799.51,-61.81,2.03,-40.09,-265.45,-17.86,19.23,-115.08,0.0,-273.23
456,227,15.1,-25.0,-21.91,-50.7,-478.79,-47.38,800.33,-61.58,2.0,-40.25,-265.47,-17.86,19.48,-115.1,0.0,-274.16
457,226,16.16,-25.02,-21.36,-50.06,-479.21,-44.79,799.07,-61.5,2.04,-40.01,-265.73,-17.93,19.44,-115.5,0.0,-275.07
458,226,16.05,-25.81,-21.47,-50.14,-478.86,-43.51,797.46,-61.58,2.02,-39.31,-266.03,-17.93,19.5,-115.53,0.0,-275.09
459,226,15.46,-25.89,-21.72,-50.41,-477.99,-44.34,797.5,-61.84,2.1,-38.31,-266.17,-17.93,19.71,-115.54,0.0,-275.17
460,226,15.31,-25.31,-21.85,-50.75,-478.29,-45.28,798.84,-61.81,2.06,-38.47,-266.33,-17.93,19.74,-115.54,0.0,-275.27
461,225,15.93,-24.74,-21.4,-51.17,-479.58,-45.32,801.25,-61.95,2.09,-38.68,-266.97,-17.99,19.67,-115.73,0.0,-276.34
462,225,15.41,-24.44,-21.93,-50.29,-479.74,-44.48,801.65,-61.82,2.0,-38.86,-267.06,-17.99,19.74,-115.74,0.0,-277.43
463,225,15.24,-24.24,-21.99,-50.72,-479.99,-44.67,802.16,-61.83,1.97,-38.97,-267.1,-17.99,19.69,-115.76,0.0,-277.5
464,225,14.55,-24.17,-22.58,-50.37,-480.05,-42.62,799.86,-61.85,1.88,-39.08,-266.89,-17.99,19.68,-115.79,0.0,-277.18
465,224,14.2,-24.26,-22.84,-49.92,-482.26,-43.63,804.67,-62.29,1.85,-39.36,-267.62,-18.06,19.56,-116.33,0.0,-278.78
466,224,14.27,-25.76,-22.82,-50.55,-483.03,-42.83,804.93,-62.66,1.79,-39.52,-267.77,-18.08,19.56,-116.34,0.0,-279.07
467,224,14.72,-25.76,-22.23,-51.0,-482.73,-43.71,805.65,-62.65,1.79,-39.39,-267.7,-18.06,19.73,-116.45,0.0,-279.2
468,224,14.29,-25.23,-22.46,-50.05,-482.98,-44.94,807.16,-62.55,1.79,-39.63,-267.79,-18.05,19.73,-116.48,0.0,-279.23
469,224,13.96,-24.42,-22.64,-49.89,-484.95,-43.87,808.17,-63.17,1.77,-40.11,-267.98,-18.05,19.54,-116.95,0.0,-279.35
470,224,13.12,-23.84,-23.08,-48.65,-485.79,-43.33,808.76,-63.58,1.73,-40.27,-267.87,-18.02,19.36,-117.14,0.0,-279.64
471,224,12.72,-24.69,-23.42,-49.43,-486.99,-41.81,808.36,-63.6,1.72,-40.46,-267.71,-18.03,19.34,-118.24,0.0,-279.56
472,224,12.92,-23.83,-23.27,-49.82,-486.07,-42.3,808.0,-63.63,1.67,-39.3,-267.77,-18.04,19.31,-118.31,0.0,-279.63
473,224,13.12,-24.18,-23.37,-50.06,-484.88,-42.61,807.18,-63.12,1.65,-38.5,-267.72,-18.03,19.2,-118.34,0.0,-279.7
474,224,13.31,-24.11,-23.38,-49.82,-485.13,-43.08,808.02,-63.21,1.57,-38.79,-267.55,-18.02,19.31,-118.42,0.0,-279.82
475,224,13.31,-22.6,-23.49,-49.32,-485.81,-43.23,809.02,-63.23,1.46,-38.93,-267.61,-18.04,19.05,-118.49,0.0,-279.98
476,224,12.86,-22.42,-23.9,-49.67,-486.73,-42.2,808.96,-63.38,1.4,-39.16,-268.02,-18.04,19.01,-118.54,0.0,-280.03
477,223,13.08,-21.11,-23.95,-49.01,-489.43,-41.45,811.75,-63.68,1.37,-39.27,-268.68,-17.94,19.18,-120.4,0.0,-280.86
478,223,12.62,-21.29,-24.23,-49.58,-490.2,-41.33,812.36,-63.97,1.34,-39.51,-268.91,-17.94,19.21,-120.42,0.0,-280.83
479,223,11.9,-22.11,-24.63,-49.65,-490.46,-40.56,812.07,-64.04,1.35,-39.7,-268.98,-17.94,19.24,-120.39,0.0,-281.05
480,223,11.63,-22.24,-24.77,-50.0,-491.08,-40.3,812.76,-64.29,1.31,-39.64,-269.21,-17.94,19.1,-120.41,0.0,-281.38
481,223,11.59,-22.06,-24.78,-50.39,-490.96,-39.96,812.32,-64.17,1.26,-39.74,-269.03,-17.94,19.09,-120.42,0.0,-281.4
482,223,12.53,-21.78,-24.51,-49.47,-491.08,-40.45,813.06,-64.16,1.27,-39.67,-269.18,-17.94,19.04,-120.42,0.0,-281.52
483,223,12.21,-22.41,-24.59,-50.66,-490.63,-40.47,812.92,-63.83,1.28,-39.47,-269.22,-17.94,19.21,-120.64,0.0,-281.83
484,215,10.26,-22.08,-25.95,-49.8,-498.81,-43.93,825.6,-66.83,1.42,-41.28,-272.56,-18.13,19.1,-120.52,0.0,-282.86
485,178,6.61,-20.65,-28.95,-48.33,-503.82,-36.33,825.83,-81.22,2.11,-44.27,-277.3,-17.44,23.31,-109.02,0.0,-285.68
486,153,5.7,-18.71,-28.65,-48.59,-503.68,-34.41,825.48,-84.31,2.08,-47.52,-273.34,-17.24,22.98,-106.33,0.0,-287.39
487,133,9.62,-16.17,-25.22,-46.15,-464.63,-36.29,792.21,-82.05,2.18,-38.22,-249.71,-15.72,24.85,-105.96,0.0,-291.28
488,127,9.91,-17.45,-24.4,-44.84,-468.91,-35.89,799.88,-81.84,2.12,-37.92,-251.38,-14.04,24.3,-110.15,0.0,-295.08
489,125,9.88,-16.27,-23.78,-45.92,-469.73,-33.97,803.84,-82.3,2.26,-37.53,-251.7,-14.26,25.4,-111.62,0.0,-300.13
490,111,13.56,-14.15,-23.61,-46.71,-498.59,-31.46,851.43,-87.41,2.57,-39.32,-269.45,-14.83,28.71,-118.86,0.0,-321.36
491,106,10.72,-16.38,-25.31,-47.04,-479.77,-39.69,843.43,-78.66,2.72,-37.3,-260.66,-15.34,24.03,-114.57,0.0,-323.96
492,85,3.12,-23.0,-33.5,-49.47,-443.93,-41.23,775.27,-77.51,4.29,-38.0,-240.18,-17.4,25.26,-100.39,0.0,-290.1
493,68,7.39,-21.98,-33.67,-49.68,-481.63,-37.09,835.82,-84.77,5.21,-39.52,-263.54,-16.9,29.79,-111.9,0.0,-317.1
494,45,12.03,-15.12,-31.67,-49.37,-523.6,-42.83,948.71,-95.48,7.2,-40.43,-304.12,-18.69,42.67,-114.75,0.0,-382.28
495,24,2.07,-12.35,-33.49,-50.61,-495.21,-28.4,791.5,-76.96,3.02,-73.39,-265.64,-10.82,22.61,-94.02,0.0,-267.9
496,14,7.98,-11.04,-37.14,-50.94,-553.83,-20.12,915.35,-91.89,1.48,-82.94,-281.5,-10.87,7.86,-95.99,0.0,-341.42
497,1,-10.31,-10.31,-12.94,-12.94,-266.59,46.35,963.79,78.19,10.11,-46.31,-214.61,-2.98,3.74,-94.63,0.0,-743.69
