Code,Company Name,Market Segment,Number of Shareholders,Number of Tradable Shares,Tradable Share Ratio,,Tradable Share Market Capitalization,,Trading Value,Trading Volume,Market Capitalization,,Amount of Net Assets,Remarks,
1382,"HOB Co.,Ltd.",Standard,,,,,2026-06-30,,,,,,,,
2164,"CHIIKISHINBUNSHA CO.,LTD.",Growth,,,,,,,,,2026-08-31,,,"See disclosure dated Mar. 17, 2026.",
2193,Cookpad Inc.,Standard,,,2026-12-31,,,,,,,,,,
2385,Soiken Holdings Inc.,Growth,,,,,,,,,2026-06-30,,,,
2388,"Wedge Holdings CO.,LTD.",Growth,,,,,,,,,2026-09-30,,,,
2404,"TETSUJIN Holdings,Inc.",Standard,,,2026-08-31,,,,,,,,,,
2410,"CAREER DESIGN CENTER CO.,LTD.",Prime,,,,,2026-09-30,,,,,,,,
2445,"Takamiya Co.,Ltd.",Prime,,,,,2026-03-31,,,,,,,,
2588,"Premium Water Holdings,Inc.",Standard,,,2026-03-31,*,,,,,,,,"Note 5（March 31,2027）",
2673,"YUMEMITSUKETAI Co.,Ltd.",Standard,,,,,2026-03-31,*,,,,,,"Note 5（March 31,2027）",
2763,"FTGroup CO.,LTD.",Standard,,,2026-03-31,,,,,,,,,,
2721,J-Holdings Corp.,Standard,,,,,,,,,,,2025-12-31,,
2814,"SATO FOODS INDUSTRIES CO.,LTD.",Standard,,,2026-03-31,,,,,,,,,,
3010,"Polaris Holdings Co.,Ltd.",Standard,,,2026-03-31,*,,,,,,,,"Note 5（March 31,2027）",
3103,UNITIKA LTD.,Prime,,,,,2026-03-31,,,,,,,,
3159,"Maruzen CHI Holdings Co.,Ltd.",Standard,,,2027-01-31,,,,,,,,,,
3174,"Happiness and D Co.,Ltd.",Standard,,,,,2026-08-31,,,,,,,,
3175,"AP HOLDINGS CO.,LTD.",Standard,,,,,,,,,,,2026-03-31,,
3185,"DREAM VISION CO.,LTD.",Growth,,,,,,,,,2026-03-31,,,,
3189,ANAP HOLDINGS INC.,Standard,,,2026-08-31,,,,,,,,,,
3192,"Shirohato Co.,Ltd.",Standard,,,,,2026-11-30,,,,,,,,
3326,"RUNSYSTEM CO.,LTD.",Standard,,,,,2026-03-31,*,,,,,,"Note 5（March 31,2027）",
3370,"FUJITA CORPORATION Co.,Ltd.",Standard,,,,,2026-03-31,*,,,,,,"Note 5（March 31,2027）",
3474,"G-FACTORY CO.,LTD.",Growth,,,2026-12-31,,,,,,,,,,
3484,"Innovation Holdings CO.,LTD.",Prime,,,,,2026-03-31,*,2026-12-31,,,,,"Note 5（March 31,2028）
See disclosure dated Mar. 17, 2026.",
3622,Netyear Group Corporation,Growth,,,,,,,,,2026-03-31,,,,
3624,AXEL MARK INC.,Growth,,,,,,,,,2026-09-30,,,,
3634,Sockets Inc.,Standard,,,,,2026-03-31,,,,,,,,
3645,"Medical Net,Inc.",Growth,,,,,,,,,2026-05-31,,,,
3646,"Ekitan & Co.,Ltd.",Growth,,,,,,,,,2026-03-31,,,,
3664,MOBCAST HOLDINGS INC.,Growth,,,,,,,,,2026-12-31,,,,
3665,Enigmo Inc.,Prime,,,,,2027-01-31,,,,,,,,
3670,"Kyoritsu Computer & Communication Co.,Ltd.",Standard,,,,,2026-03-31,,,,,,,,
3681,"V-cube,Inc.",Prime,,,,,2026-12-31,,,,,,2025-12-31,,
3695,"GMO Product Platform,Inc.",Growth,,,2026-12-31,,,,,,,,,,
3727,Aplix Corporation,Growth,,,,,,,,,2026-12-31,,,,
3787,"Techno Mathematical Co.,Ltd.",Standard,,,,,2026-03-31,,,,,,,,
3803,Image Information Inc.,Growth,,,,,,,,,2026-03-31,*,,"Note 5（March 31,2027）",
3908,Collabos Corporation,Growth,,,,,,,,,2026-03-31,,,,
3926,Open Door Inc.,Prime,,,,,2026-03-31,,,,,,,,
3976,SHANON Inc.,Growth,,,,,,,,,,,2025-12-31,,
4053,Sun* Inc.,Prime,,,,,2026-12-31,,,,,,,,
4059,"Magmag,Inc.",Standard,,,,,2026-09-30,,,,,,,,
4288,"Asgent,Inc.",Standard,,,,,2026-03-31,,,,,,,,
4316,"BeMap,Inc.",Growth,,,,,,,,,2026-03-31,,,,
4392,"Future Innovation Group,Inc.",Prime,,,,,2026-12-31,,,,,,,,
4446,Link-U Group Inc.,Prime,,,,,2026-07-31,,,,,,,,
4574,"TAIKO PHARMACEUTICAL CO.,LTD.",Prime,,,,,2026-12-31,,,,,,,,
4679,"TAYA Co.,Ltd.",Standard,,,,,2026-03-31,,,,,,,,
4720,"JOHNAN ACADEMIC PREPARATORY INSTITUTE,INC.",Standard,,,,,2026-03-31,,,,,,,,
4760,"ALPHA CO.,LTD.",Standard,,,,,2026-08-31,,,,,,,,
4784,"GMO internet,Inc.",Prime,,,2026-12-31,,,,,,,,,,
4833,"Def consulting,inc.",Growth,,,,,,,,,2026-03-31,,,,
4845,"Scala,Inc.",Prime,,,,,2026-06-30,,,,,,,,
4880,"CellSource Co.,Ltd.",Prime,,,,,2026-10-31,,,,,,,"See disclosure dated Mar. 17, 2026.",
5255,Monstarlab Inc.,Growth,,,,,,,,,,,2027-12-31,,
5337,DANTO HOLDINGS CORPORATION,Standard,,,2026-12-31,,,,,,,,,,
5380,SHINTO COMPANY LIMITED,Standard,,,,,2026-06-30,*,,,,,,"Note 5（June 30,2027）",
5707,"Toho Zinc Co.,Ltd.",Prime,,,,,2026-03-31,,,,,,,,
6034,MRT Inc.,Growth,,,,,,,,,2026-12-31,,,,
6035,"IR Japan Holdings,Ltd.",Prime,,,,,2026-03-31,,,,,,,"See disclosure dated Mar. 17, 2026.",
6046,LINKBAL INC.,Growth,,,,,,,,,2026-09-30,,,,
6047,Gunosy Inc.,Prime,,,,,2026-05-31,,,,,,,,
6081,"Allied Architects,Inc.",Growth,,,,,,,,,2026-12-31,,,,
6147,"YAMAZAKI CO.,LTD.",Standard,,,,,2026-03-31,,,,,,,,
6173,Aqualine Ltd.,Growth,,,,,,,,,2027-02-28,,2026-02-28,,
6181,Tameny Inc.,Growth,,,,,,,,,,,2026-03-31,,
6396,"Unozawa-gumi Iron Works,Limited",Standard,,,,,2026-03-31,,,,,,,,
6533,Orchestra Holdings Inc.,Prime,,,,,2026-12-31,,,,,,,,
6560,"LTS,Inc.",Prime,,,,,2026-12-31,,,,,,,,
6565,"ABHOTEL CO.,LTD.",Standard,,,2026-03-31,,,,,,,,,"See disclosure dated Mar. 11, 2026.",
6615,"UMC Electronics Co.,Ltd.",Prime,,,,,2026-03-31,,,,,,,,
6619,W-SCOPE Corporation,Prime,,,,,2027-01-31,,,,,,,,
6699,"DIAMOND ELECTRIC HOLDINGS Co.,Ltd.",Prime,,,,,2026-03-31,,2026-12-31,,,,,,
6977,"JAPAN RESISTOR MFG. CO.,LTD.",Standard,,,,,2026-12-31,,,,,,,,
6740,Japan Display Inc.,Prime,,,2028-03-31,,,,,,,,,"Enforcement Rules for Securities Listing Regulations, the proviso of Rule 501, Paragraph 7, Item (2)",
7034,"Prored Partners CO.,LTD.",Prime,,,,,2026-10-31,*,,,,,,"Note 5（October 31,2030）",
7038,Frontier Management Inc.,Prime,,,,,2026-12-31,,,,,,,,
7042,"ACCESS GROUP HOLDINGS CO.,LTD.",Standard,,,,,2026-03-31,,,,,,,,
7071,"Amvis Holdings,Inc.",Prime,,,2026-09-30,,,,,,,,,,
7229,"YUTAKA GIKEN CO.,LTD.",Standard,,,2026-03-31,,,,,,,,,"See disclosure dated Aug. 29, 2025.",
7238,"AKEBONO BRAKE INDUSTRY CO.,LTD.",Prime,,,2030-03-31,,,,,,,,,"Enforcement Rules for Securities Listing Regulations, the proviso of Rule 501, Paragraph 7, Item (2)",
7255,SAKURAI LTD.,Standard,,,,,2026-03-31,,,,,,,,
7347,"Mercuria Holdings Co.,Ltd.",Prime,,,,,2026-12-31,,,,,,,,
7362,Terminalcare Support Institute Inc.,Growth,,,,,2026-12-31,,,,,,,,
7426,Yamadai Corporation,Standard,,,,,2026-03-31,,,,,,,,
7531,SEIWA CHUO HOLDINGS CORPORATION,Standard,,,2026-12-31,,,,,,,,,,
7602,"Ledax Co.,Ltd.",Standard,,,,,2026-03-31,,,,,,,,
7640,"TOP CULTURE Co.,Ltd.",Standard,,,,,2026-10-31,,,,,,,,
7709,KUBOTEK CORPORATION,Standard,,,,,2026-03-31,,,,,,,,
7743,"SEED CO.,LTD.",Prime,,,,,2026-03-31,,,,,,,,
7815,"TOKYO BOARD INDUSTRIES CO.,LTD.",Standard,,,2027-02-28,,2027-02-28,,,,,,,,
7851,"KAWASE COMPUTER SUPPLIES CO.,LTD.",Standard,,,,,2026-03-31,,,,,,,,
7886,"YAMATO Mobility & Mfg. Co.,Ltd.",Standard,,,,,2026-03-31,*,,,,,,"Note 5（March 31,2027）",
7901,MATSUMOTO INC.,Standard,,,,,2026-04-30,,,,,,,,
7946,KOYOSHA INC.,Standard,2026-03-31,,,,2026-03-31,,,,,,,,
7957,"FUJICOPIAN CO.,LTD.",Standard,,,,,2026-12-31,,,,,,,,
7985,NEPON Inc.,Standard,,,,,2026-03-31,,,,,,,,
7986,"NIHON ISK Company,Limited",Standard,,,,,2026-12-31,,,,,,,,
8077,TORQ Inc.,Standard,,,2026-10-31,,,,,,,,,,
8105,Bitcoin Japan Corporation,Standard,,,,,2026-03-31,,,,,,,,
8209,FRIENDLY CORPORATION,Standard,,,,,2026-03-31,,,,,,2026-03-31,,
8254,"Saikaya Department Store Co.,Ltd.",Standard,,,,,2026-08-31,,,,,,,,
8798,"Advance Create Co.,Ltd.",Prime,,,2026-09-30,,2026-09-30,,,,,,,,
9073,"Kyogoku unyu shoji Co.,Ltd.",Standard,,,2026-03-31,,2026-03-31,,,,,,,,
9213,SEYFERT LTD.,Standard,,,,,2026-12-31,,,,,,,,
9216,"Bewith,Inc.",Prime,,,,,2026-05-31,,,,,,,,
9229,"SUNWELS Co.,Ltd.",Prime,,,,,2026-03-31,,,,,,,,
9244,DIGITALIFT Inc.,Growth,,,,,2026-09-30,,,,,,,,
9245,Livero Inc.,Growth,,,2026-12-31,,,,,,,,,,
9250,GRCS Inc.,Growth,,,,,,,,,,,2026-11-30,,
9409,TV Asahi Holdings Corporation,Prime,,,2026-03-31,,,,,,,,,,
9914,"Uematsu Shokai Co.,Ltd.",Standard,,,,,2026-03-20,,,,,,,,
