day,count,ret_ipo_mean,ret_ipo_median,ret_close_mean,ret_close_median,기관,외국인총합계,개인,금융투자,보험,투신,사모펀드,은행,연기금,기타금융기관,국가_지자체,기타법인
0,404,58.4,37.23,0.0,0.0,-216.49,-35.6,320.38,-30.38,-0.82,-29.41,-116.43,-2.54,-1.51,-35.4,0.0,-68.29
1,404,57.29,33.82,-0.64,-2.61,-226.72,-38.46,340.02,-31.89,-0.72,-30.44,-122.46,-2.61,-1.09,-37.51,0.0,-74.84
2,404,56.18,30.96,-1.31,-4.6,-231.65,-40.71,353.14,-33.37,-0.82,-30.48,-124.46,-3.3,-0.84,-38.37,0.0,-80.78
3,404,54.91,27.75,-2.06,-5.42,-232.86,-40.99,358.6,-33.65,-0.71,-29.55,-125.3,-4.14,-0.41,-39.1,0.0,-84.75
4,404,55.07,30.5,-2.08,-6.39,-234.54,-38.56,360.29,-33.94,-0.61,-29.57,-126.02,-4.62,-0.09,-39.7,0.0,-87.19
5,403,53.72,32.33,-2.36,-8.26,-235.44,-38.63,363.26,-34.14,-0.52,-29.13,-126.29,-5.21,0.05,-40.21,0.0,-89.19
6,403,52.07,32.08,-3.11,-8.99,-236.09,-39.31,365.28,-34.23,-0.42,-29.0,-126.79,-5.42,0.37,-40.6,0.0,-89.88
7,403,50.93,28.82,-3.68,-8.87,-236.28,-39.75,366.39,-34.46,-0.36,-28.5,-126.92,-5.67,0.4,-40.77,0.0,-90.35
8,403,51.0,26.81,-3.73,-9.85,-237.26,-39.88,368.4,-34.56,-0.35,-28.08,-127.37,-6.09,0.57,-41.38,0.0,-91.26
9,403,49.73,25.6,-4.22,-9.73,-238.63,-39.91,371.15,-34.73,-0.33,-28.23,-128.25,-6.19,0.84,-41.74,0.0,-92.61
10,403,48.16,22.71,-4.91,-11.32,-240.3,-40.4,374.33,-34.73,-0.27,-28.08,-129.85,-6.26,1.11,-42.23,0.0,-93.63
11,403,45.49,19.13,-6.15,-11.63,-244.02,-41.9,380.22,-35.15,-0.18,-28.19,-132.68,-6.28,1.24,-42.77,0.0,-94.29
12,403,44.7,17.63,-6.6,-13.21,-244.84,-42.67,382.51,-34.95,-0.17,-28.05,-133.34,-6.32,1.39,-43.39,0.0,-95.01
13,403,44.38,18.39,-6.92,-12.67,-245.64,-42.54,383.65,-35.07,-0.09,-27.82,-134.01,-6.41,1.47,-43.71,0.0,-95.48
14,403,44.22,18.0,-7.01,-13.0,-245.4,-42.3,383.21,-35.19,-0.11,-27.18,-134.19,-6.42,1.62,-43.93,0.0,-95.51
15,403,43.78,18.01,-7.39,-13.97,-245.54,-42.37,383.83,-35.2,-0.05,-27.13,-134.25,-6.45,1.81,-44.26,0.0,-95.92
16,403,42.87,17.83,-8.06,-14.56,-246.4,-43.15,385.83,-35.43,-0.04,-27.21,-134.62,-6.47,1.84,-44.49,0.0,-96.28
17,403,42.98,13.89,-8.14,-14.64,-246.38,-42.93,385.5,-35.64,0.06,-26.84,-134.58,-6.53,1.92,-44.77,0.0,-96.19
18,403,43.68,14.66,-7.59,-13.99,-249.99,-42.18,390.32,-35.93,0.08,-26.82,-136.72,-6.66,1.9,-45.84,0.0,-98.14
19,403,42.59,15.5,-8.1,-15.01,-252.54,-40.69,395.5,-36.12,0.16,-26.25,-137.72,-6.91,2.33,-48.02,0.0,-102.27
20,403,42.33,13.67,-7.97,-16.11,-257.22,-40.31,404.38,-37.32,0.25,-25.84,-139.51,-7.18,2.76,-50.38,0.0,-106.85
21,403,41.67,15.0,-8.29,-16.22,-263.57,-39.44,416.59,-37.94,0.29,-26.2,-141.57,-7.83,3.04,-53.36,0.0,-113.58
22,403,39.64,14.29,-9.24,-16.91,-272.04,-37.81,433.82,-39.33,0.45,-26.22,-144.34,-8.4,3.71,-57.91,0.0,-123.97
23,403,39.54,14.29,-9.22,-16.57,-277.46,-36.73,443.09,-39.9,0.56,-25.89,-146.55,-9.16,4.13,-60.65,0.0,-128.9
24,403,39.22,15.0,-9.11,-17.11,-281.01,-37.81,451.06,-40.48,0.66,-25.65,-148.28,-9.83,4.19,-61.61,0.0,-132.25
25,403,39.12,12.76,-9.21,-16.67,-283.34,-37.69,455.21,-40.81,0.69,-25.8,-148.74,-10.59,4.64,-62.73,0.0,-134.18
26,403,39.18,12.11,-9.01,-16.65,-286.16,-38.42,460.16,-40.96,0.81,-25.95,-149.9,-11.28,4.8,-63.68,0.0,-135.58
27,402,39.14,12.62,-8.92,-15.89,-287.83,-36.2,459.33,-41.27,0.93,-25.64,-150.61,-11.86,5.06,-64.45,0.0,-135.3
28,402,39.33,11.53,-8.69,-16.09,-289.21,-36.49,462.47,-41.51,1.07,-25.32,-151.43,-12.31,5.17,-64.88,0.0,-136.77
29,401,38.44,12.35,-9.12,-15.65,-291.27,-36.99,465.77,-42.15,1.09,-25.42,-152.97,-12.6,5.42,-64.63,0.0,-137.5
30,401,38.77,13.0,-8.89,-16.07,-292.46,-36.47,467.06,-42.52,1.19,-25.24,-153.13,-13.11,5.58,-65.22,0.0,-138.13
31,400,38.57,13.45,-8.74,-16.13,-294.76,-36.19,470.2,-42.77,1.24,-25.3,-154.21,-13.32,5.73,-66.13,0.0,-139.26
32,400,38.18,13.05,-9.13,-16.37,-297.34,-36.03,474.43,-42.97,1.23,-25.61,-154.83,-13.62,5.63,-67.17,0.0,-141.05
33,399,36.75,12.37,-9.37,-16.56,-302.83,-36.36,474.62,-43.04,1.07,-27.59,-156.59,-14.04,3.51,-66.14,0.0,-135.43
34,398,35.7,13.39,-10.1,-16.85,-303.02,-36.3,474.27,-42.99,1.03,-27.33,-157.08,-14.32,3.7,-66.03,0.0,-134.95
35,397,35.23,11.45,-10.1,-17.37,-305.14,-35.88,475.93,-43.45,1.03,-27.64,-158.24,-14.4,3.78,-66.21,0.0,-134.91
36,397,35.97,12.79,-9.27,-15.99,-306.22,-35.16,477.38,-43.75,1.01,-27.5,-158.76,-14.55,3.94,-66.61,0.0,-136.0
37,396,35.86,11.82,-9.41,-17.55,-306.91,-35.87,479.72,-43.95,1.06,-27.3,-159.29,-14.62,4.13,-66.94,0.0,-136.94
38,395,35.66,11.18,-9.49,-17.99,-307.82,-36.5,482.58,-44.0,1.08,-27.26,-159.62,-14.78,4.29,-67.53,0.0,-138.25
39,394,36.02,11.82,-9.18,-17.47,-307.9,-36.19,482.5,-44.19,1.08,-26.71,-160.05,-14.87,4.31,-67.48,0.0,-138.4
40,393,36.51,12.95,-8.98,-16.54,-308.65,-31.61,480.0,-44.56,1.12,-26.64,-160.15,-14.95,4.56,-68.02,0.0,-139.73
41,393,36.65,11.99,-9.05,-17.09,-309.26,-29.26,480.52,-44.65,1.11,-26.41,-160.81,-15.01,4.79,-68.27,0.0,-142.0
42,393,36.61,12.44,-9.1,-17.83,-310.31,-30.56,483.75,-44.82,1.17,-26.56,-161.23,-15.14,4.97,-68.7,0.0,-142.87
43,392,36.04,11.96,-9.02,-16.5,-311.24,-31.9,483.3,-45.04,1.14,-26.76,-160.98,-15.35,5.15,-69.39,0.0,-140.16
44,392,36.13,11.61,-8.84,-16.06,-312.16,-30.58,483.66,-45.18,1.11,-26.93,-161.2,-15.43,5.29,-69.81,0.0,-140.91
45,392,36.32,11.17,-8.81,-16.4,-312.1,-30.7,484.37,-45.23,1.12,-26.52,-161.15,-15.53,5.48,-70.26,0.0,-141.58
46,392,36.89,10.92,-8.4,-16.56,-312.11,-30.22,484.56,-45.49,1.13,-26.13,-161.06,-15.57,5.65,-70.65,0.0,-142.22
47,392,37.16,11.42,-8.06,-17.03,-312.44,-30.88,486.3,-45.69,1.27,-25.74,-161.27,-15.67,5.76,-71.09,0.0,-142.98
48,391,36.34,9.81,-8.47,-17.56,-314.3,-30.87,488.41,-46.0,1.23,-25.55,-161.5,-15.94,5.86,-72.4,0.0,-143.24
49,391,36.29,8.57,-8.47,-17.42,-314.56,-30.97,488.96,-46.07,1.23,-25.29,-161.75,-16.09,5.88,-72.47,0.0,-143.42
50,391,35.68,9.02,-8.71,-18.44,-314.76,-31.11,489.89,-46.14,1.22,-24.89,-161.9,-16.15,5.72,-72.6,0.0,-144.03
51,391,34.74,8.55,-9.25,-18.85,-315.41,-30.88,491.0,-46.1,1.27,-24.87,-162.13,-16.26,5.66,-72.99,0.0,-144.71
52,390,33.58,8.65,-9.83,-18.48,-316.04,-30.61,492.27,-46.25,1.29,-24.52,-162.47,-16.37,5.74,-73.47,0.0,-145.62
53,389,33.17,8.0,-9.73,-17.84,-320.43,-30.82,494.15,-46.78,1.0,-26.02,-163.61,-16.61,5.38,-73.79,0.0,-142.89
54,389,32.6,7.24,-9.93,-18.86,-320.88,-31.36,495.62,-46.91,1.02,-25.93,-163.82,-16.66,5.5,-74.08,0.0,-143.38
55,388,33.29,7.84,-9.3,-17.29,-321.82,-31.15,495.17,-47.18,1.03,-26.14,-164.28,-16.72,5.52,-74.06,0.0,-142.19
56,387,33.04,7.89,-9.35,-18.3,-322.63,-30.76,495.09,-47.29,1.09,-25.98,-164.92,-16.76,5.54,-74.3,0.0,-141.69
57,386,34.06,8.3,-8.54,-17.57,-323.36,-29.92,496.2,-47.5,1.09,-25.64,-165.45,-16.81,5.57,-74.62,0.0,-142.92
58,385,33.1,8.93,-8.87,-18.57,-323.82,-31.18,497.75,-47.37,1.11,-26.18,-166.11,-16.68,5.33,-73.92,0.0,-142.76
59,385,32.9,8.57,-9.03,-18.6,-325.17,-31.61,500.57,-47.54,1.22,-26.2,-167.17,-16.68,5.51,-74.3,0.0,-143.8
60,385,32.31,6.66,-8.98,-19.2,-328.74,-31.27,505.67,-48.09,1.35,-25.86,-169.25,-16.75,5.65,-75.79,0.0,-145.66
61,385,31.85,7.33,-9.13,-19.04,-335.54,-31.96,514.92,-49.47,1.36,-25.28,-174.55,-16.84,5.94,-76.7,0.0,-147.42
62,384,30.94,7.47,-9.53,-19.87,-338.7,-31.4,517.52,-49.95,1.36,-25.54,-177.23,-17.07,6.52,-76.79,0.0,-147.42
63,384,30.22,6.29,-9.9,-20.11,-343.51,-30.82,523.07,-51.02,1.39,-25.89,-180.26,-17.16,6.79,-77.36,0.0,-148.74
64,384,29.56,5.38,-10.33,-20.03,-347.0,-30.63,527.62,-51.87,1.44,-25.75,-182.67,-17.25,7.02,-77.92,0.0,-149.99
65,384,29.52,5.8,-9.74,-20.28,-350.49,-30.66,531.86,-52.74,1.44,-25.84,-184.99,-17.26,7.22,-78.32,0.0,-150.72
66,383,30.07,5.74,-8.41,-20.4,-351.5,-29.11,528.96,-53.14,1.4,-25.66,-184.9,-17.34,7.45,-79.29,0.0,-148.36
67,383,31.35,5.74,-6.72,-20.96,-353.18,-29.44,532.02,-53.71,1.41,-25.84,-185.58,-17.39,7.52,-79.59,0.0,-149.4
68,383,33.09,6.98,-4.68,-20.56,-354.17,-29.07,533.54,-53.88,1.42,-25.47,-186.4,-17.47,7.65,-80.02,0.0,-150.3
69,383,33.51,7.27,-4.43,-20.75,-355.71,-29.22,536.08,-54.1,1.38,-25.45,-187.15,-17.59,7.52,-80.32,0.0,-151.15
70,383,34.24,7.81,-3.62,-20.96,-356.71,-28.37,537.13,-54.28,1.43,-25.55,-187.76,-17.62,7.66,-80.58,0.0,-152.06
71,383,34.51,7.5,-3.67,-20.95,-357.32,-29.61,539.46,-54.59,1.47,-25.32,-188.23,-17.68,7.85,-80.81,0.0,-152.53
72,383,34.05,7.77,-4.26,-20.82,-358.07,-29.64,540.55,-54.63,1.47,-25.19,-188.72,-17.72,7.91,-81.2,0.0,-152.83
73,383,34.94,7.25,-3.92,-20.65,-358.24,-28.88,542.47,-54.87,1.54,-25.04,-188.64,-17.83,8.19,-81.58,0.0,-155.36
74,383,34.63,6.99,-4.51,-20.58,-359.52,-29.58,544.9,-55.08,1.6,-25.22,-189.25,-17.86,8.13,-81.82,0.0,-155.81
75,383,35.27,7.22,-4.04,-21.27,-360.64,-29.49,546.67,-55.44,1.54,-25.15,-189.46,-17.91,8.06,-82.28,0.0,-156.54
76,383,35.42,7.69,-3.94,-20.9,-362.84,-28.98,548.94,-55.88,1.53,-25.26,-190.7,-17.93,8.0,-82.6,0.0,-157.12
77,383,35.4,8.01,-4.16,-19.67,-363.86,-29.49,550.87,-56.12,1.49,-25.4,-191.11,-17.98,8.11,-82.84,0.0,-157.52
78,383,34.69,6.94,-5.01,-19.82,-364.13,-30.29,552.13,-56.28,1.52,-25.14,-191.41,-18.0,8.17,-82.97,0.0,-157.72
79,383,34.28,6.32,-4.9,-19.37,-365.42,-31.59,555.91,-56.55,1.45,-25.24,-191.95,-18.03,8.14,-83.23,0.0,-158.9
80,383,34.12,6.27,-5.34,-18.84,-366.63,-30.17,557.04,-56.82,1.42,-25.65,-192.41,-18.05,8.29,-83.41,0.0,-160.24
81,383,34.43,6.62,-5.45,-21.16,-367.93,-29.35,557.87,-57.32,1.4,-25.77,-192.83,-18.08,8.33,-83.65,0.0,-160.59
82,383,34.94,6.74,-5.49,-20.66,-368.07,-29.85,558.63,-57.53,1.4,-25.52,-192.91,-18.08,8.47,-83.89,0.0,-160.71
83,383,34.85,7.07,-5.38,-19.9,-368.7,-30.05,559.89,-57.78,1.41,-25.55,-193.26,-18.08,8.55,-83.98,0.0,-161.15
84,383,35.74,8.49,-4.8,-20.23,-369.21,-28.43,559.24,-57.78,1.43,-25.72,-193.59,-18.07,8.75,-84.23,0.0,-161.6
85,383,35.76,8.84,-4.86,-20.49,-370.37,-28.36,560.73,-58.47,1.46,-25.59,-194.14,-18.07,8.77,-84.33,0.0,-161.99
86,383,36.09,9.27,-4.27,-20.12,-370.92,-28.27,561.54,-58.75,1.51,-25.68,-194.27,-18.08,8.85,-84.5,0.0,-162.35
87,383,36.1,8.88,-3.98,-19.69,-372.36,-29.9,565.31,-59.07,1.48,-25.91,-194.79,-18.07,8.9,-84.9,0.0,-163.05
88,383,35.7,10.48,-4.15,-19.38,-372.96,-29.83,566.7,-59.29,1.49,-25.68,-194.98,-18.05,8.79,-85.23,0.0,-163.91
89,383,35.93,10.15,-4.03,-19.01,-373.38,-29.52,567.18,-59.58,1.49,-25.65,-195.09,-18.06,8.88,-85.37,0.0,-164.28
90,383,35.96,12.1,-4.15,-19.25,-373.53,-29.58,567.71,-59.73,1.45,-25.22,-195.51,-18.06,9.02,-85.48,0.0,-164.6
91,383,35.87,10.37,-4.28,-18.94,-374.03,-30.26,569.28,-60.03,1.39,-25.0,-195.82,-18.06,9.14,-85.65,0.0,-164.99
92,382,36.89,9.76,-3.67,-20.0,-374.25,-30.89,570.17,-60.19,1.36,-24.98,-196.27,-17.96,8.92,-85.15,0.0,-165.03
93,382,36.21,9.01,-4.21,-20.29,-374.94,-31.42,571.62,-60.28,1.4,-24.92,-196.57,-17.98,9.07,-85.65,0.0,-165.26
94,382,36.33,8.48,-4.35,-20.45,-374.92,-30.7,572.08,-60.41,1.41,-24.87,-196.56,-17.95,9.26,-85.79,0.0,-166.47
95,382,36.42,8.11,-3.98,-19.86,-375.23,-30.24,572.6,-60.53,1.45,-24.8,-196.87,-17.95,9.33,-85.85,0.0,-167.13
96,382,36.93,8.5,-3.77,-18.97,-375.84,-29.23,573.09,-60.64,1.41,-24.63,-197.37,-17.94,9.39,-86.06,0.0,-168.03
97,382,36.27,9.46,-4.37,-19.51,-376.62,-29.83,574.78,-60.77,1.44,-24.85,-197.77,-17.96,9.53,-86.22,0.0,-168.33
98,382,35.81,8.32,-4.59,-20.07,-377.48,-29.52,575.85,-60.99,1.48,-24.82,-198.39,-17.97,9.64,-86.43,0.0,-168.86
99,382,35.56,9.0,-4.79,-20.68,-377.85,-30.56,577.69,-61.31,1.5,-24.58,-198.58,-17.97,9.91,-86.81,0.0,-169.29
100,382,35.1,9.59,-5.11,-20.78,-377.85,-29.81,577.32,-61.19,1.49,-24.47,-198.72,-17.98,10.12,-87.1,0.0,-169.66
101,382,35.27,9.05,-4.9,-21.34,-377.94,-29.89,577.98,-61.27,1.47,-24.24,-198.9,-17.97,10.23,-87.25,0.0,-170.15
102,382,36.16,8.29,-3.84,-21.71,-377.8,-29.57,578.07,-61.21,1.41,-23.87,-199.32,-17.97,10.45,-87.29,0.0,-170.7
103,382,36.41,10.39,-3.59,-20.3,-377.67,-29.27,578.23,-61.09,1.43,-23.68,-199.52,-17.97,10.62,-87.45,0.0,-171.29
104,382,36.82,10.11,-3.45,-20.03,-377.79,-30.65,580.04,-61.2,1.43,-23.58,-199.62,-17.97,10.68,-87.52,0.0,-171.6
105,382,37.26,9.57,-3.38,-21.16,-378.39,-30.06,580.54,-61.37,1.5,-23.75,-199.77,-17.97,10.84,-87.87,0.0,-172.1
106,382,37.14,8.62,-3.52,-21.54,-378.78,-30.8,582.07,-61.59,1.54,-23.56,-200.06,-17.97,10.87,-88.01,0.0,-172.49
107,382,37.51,9.5,-3.25,-21.46,-379.91,-31.23,583.82,-61.8,1.57,-23.88,-200.58,-17.97,10.91,-88.15,0.0,-172.68
108,382,37.99,9.31,-3.12,-21.55,-380.66,-32.18,585.77,-61.92,1.63,-24.03,-201.05,-17.96,10.93,-88.25,0.0,-172.93
109,382,38.49,10.59,-2.77,-21.82,-380.79,-32.1,586.0,-62.01,1.66,-23.91,-201.22,-17.96,11.08,-88.41,0.0,-173.11
110,382,37.24,10.61,-3.42,-22.06,-381.09,-32.18,586.59,-62.09,1.65,-23.78,-201.42,-17.96,11.05,-88.52,0.0,-173.32
111,381,36.46,10.73,-4.73,-22.01,-379.9,-32.23,585.97,-61.96,1.63,-23.2,-201.67,-17.95,11.01,-87.75,0.0,-173.84
112,381,35.73,9.74,-5.06,-22.09,-380.92,-32.49,587.71,-62.01,1.59,-23.63,-201.98,-17.97,11.05,-87.96,0.0,-174.31
113,380,35.08,8.64,-5.47,-21.82,-381.75,-32.18,588.82,-62.01,1.53,-23.59,-202.33,-18.01,10.98,-88.32,0.0,-174.89
114,379,34.13,8.5,-6.32,-22.02,-381.45,-31.41,587.05,-61.99,1.47,-23.76,-202.26,-18.05,11.05,-87.9,0.0,-174.2
115,378,34.26,9.24,-6.4,-21.66,-381.76,-30.97,587.63,-62.0,1.45,-23.83,-202.36,-18.08,11.17,-88.1,0.0,-174.91
116,377,34.15,8.99,-6.32,-21.97,-381.63,-31.44,588.67,-61.95,1.44,-23.8,-201.92,-18.09,11.1,-88.4,0.0,-175.6
117,376,33.15,10.04,-6.76,-22.14,-380.97,-31.34,584.34,-61.72,1.22,-25.15,-201.84,-17.51,10.3,-86.27,0.0,-172.03
118,376,33.7,10.76,-6.34,-22.34,-381.44,-31.04,584.74,-61.87,1.26,-25.18,-201.98,-17.53,10.34,-86.47,0.0,-172.26
119,376,33.93,11.57,-5.9,-21.17,-382.55,-31.25,586.36,-62.21,1.26,-25.29,-202.62,-17.53,10.42,-86.57,0.0,-172.57
120,376,33.06,9.62,-6.48,-22.13,-383.71,-31.59,588.46,-62.5,1.24,-25.57,-203.03,-17.53,10.44,-86.75,0.0,-173.17
121,376,32.9,9.17,-6.66,-23.06,-384.72,-30.9,589.04,-62.96,1.28,-25.32,-203.69,-17.55,10.55,-87.03,0.0,-173.42
122,375,32.52,8.55,-6.39,-22.49,-387.03,-30.56,592.46,-63.15,1.32,-26.99,-203.9,-17.6,10.67,-87.39,0.0,-174.87
123,375,32.25,9.68,-6.39,-22.82,-389.12,-31.03,595.36,-63.65,1.33,-27.2,-204.99,-17.6,10.75,-87.76,0.0,-175.21
124,375,32.18,9.47,-6.39,-22.44,-391.38,-30.21,597.45,-64.06,1.31,-27.49,-206.21,-17.6,10.77,-88.09,0.0,-175.86
125,375,32.14,10.0,-6.49,-22.7,-393.32,-29.77,599.89,-64.57,1.32,-27.88,-207.27,-17.6,11.35,-88.66,0.0,-176.81
126,375,31.78,8.64,-6.78,-21.74,-396.27,-28.13,601.7,-65.0,1.3,-27.96,-209.36,-17.61,11.26,-88.88,0.0,-177.31
127,375,32.25,8.99,-6.38,-21.51,-397.01,-27.56,602.37,-65.35,1.39,-28.07,-209.74,-17.61,11.31,-88.94,0.0,-177.81
128,375,31.56,8.54,-6.76,-22.01,-397.99,-28.51,604.65,-65.5,1.41,-28.47,-210.15,-17.61,11.33,-88.99,0.0,-178.15
129,374,30.43,7.77,-7.7,-22.8,-397.72,-28.46,602.6,-65.92,1.46,-28.55,-210.76,-17.13,10.98,-87.78,0.0,-176.42
130,373,30.51,8.5,-7.86,-22.47,-398.02,-28.28,603.55,-66.12,1.47,-28.76,-210.6,-17.18,11.11,-87.94,0.0,-177.25
131,372,30.76,8.41,-7.65,-22.99,-398.95,-27.99,603.59,-66.26,1.44,-29.6,-210.9,-17.09,11.09,-87.62,0.0,-176.66
132,372,30.44,8.67,-7.85,-23.23,-399.95,-27.49,604.24,-66.35,1.41,-30.02,-211.35,-17.1,11.11,-87.64,0.0,-176.81
133,371,30.62,7.85,-7.68,-23.45,-400.28,-27.29,605.24,-66.44,1.41,-29.84,-211.62,-17.14,11.24,-87.89,0.0,-177.67
134,371,30.78,6.94,-7.51,-23.64,-401.06,-26.91,605.76,-66.62,1.39,-30.03,-211.82,-17.13,11.14,-87.99,0.0,-177.79
135,371,30.97,8.89,-7.36,-22.96,-401.94,-26.68,607.43,-66.79,1.42,-30.24,-212.23,-17.12,11.07,-88.04,0.0,-178.82
136,371,31.26,6.31,-7.23,-22.89,-402.55,-26.19,608.01,-66.92,1.43,-30.28,-212.64,-17.11,11.06,-88.08,0.0,-179.28
137,371,31.54,7.5,-7.13,-24.12,-402.96,-25.62,608.55,-66.95,1.44,-30.52,-212.95,-17.12,11.24,-88.1,0.0,-179.97
138,371,32.08,8.71,-6.9,-23.77,-403.61,-25.46,609.08,-67.24,1.43,-30.62,-213.28,-17.12,11.34,-88.12,0.0,-180.02
139,370,32.14,8.44,-6.93,-24.28,-403.79,-25.19,609.57,-67.35,1.46,-30.64,-213.38,-17.0,11.24,-88.11,0.0,-180.6
140,370,31.91,8.44,-7.17,-23.26,-404.14,-25.02,609.82,-67.44,1.42,-30.61,-213.66,-17.01,11.32,-88.17,0.0,-180.66
141,370,32.24,7.57,-6.95,-24.78,-404.71,-24.05,609.63,-67.54,1.49,-30.65,-214.06,-17.01,11.29,-88.22,0.0,-180.88
142,370,32.51,6.82,-6.83,-25.3,-405.05,-23.66,609.77,-67.71,1.56,-30.56,-214.36,-17.0,11.28,-88.26,0.0,-181.06
143,370,32.88,7.94,-6.79,-24.54,-405.28,-24.03,610.57,-67.87,1.62,-30.44,-214.55,-17.01,11.27,-88.3,0.0,-181.26
144,370,32.52,8.61,-7.06,-23.96,-405.7,-24.33,611.66,-68.14,1.61,-30.39,-214.7,-17.0,11.25,-88.33,0.0,-181.64
145,369,32.18,7.12,-6.94,-23.97,-405.08,-24.42,611.5,-68.03,1.63,-30.46,-214.84,-17.04,11.51,-87.84,0.0,-182.01
146,368,32.54,6.0,-6.83,-23.59,-404.86,-22.29,609.97,-68.32,1.6,-30.11,-214.53,-17.08,11.63,-88.04,0.0,-182.83
147,368,32.12,7.25,-7.19,-24.16,-405.36,-22.61,611.19,-68.36,1.62,-30.34,-214.94,-17.08,11.8,-88.06,0.0,-183.22
148,368,31.8,6.81,-7.27,-25.33,-406.18,-22.96,612.89,-68.44,1.57,-30.57,-215.43,-17.08,11.89,-88.12,0.0,-183.75
149,368,32.0,7.1,-7.1,-24.09,-406.16,-23.94,614.33,-68.49,1.54,-30.58,-215.34,-17.08,11.94,-88.15,0.0,-184.24
150,368,32.09,6.58,-6.94,-22.77,-406.82,-24.24,615.59,-68.75,1.54,-30.6,-215.71,-17.07,12.03,-88.26,0.0,-184.54
151,368,31.61,7.14,-7.06,-22.96,-407.28,-24.25,616.19,-68.78,1.47,-30.73,-215.95,-17.08,12.07,-88.28,0.0,-184.66
152,368,30.83,6.76,-7.72,-23.28,-407.59,-24.11,616.7,-68.77,1.43,-30.89,-216.03,-17.08,12.06,-88.31,0.0,-185.0
153,368,30.74,7.71,-7.86,-23.86,-407.68,-24.7,617.52,-68.87,1.4,-30.9,-216.03,-17.07,12.19,-88.39,0.0,-185.15
154,368,30.72,7.69,-7.78,-24.53,-407.8,-24.81,617.87,-68.89,1.35,-30.86,-216.16,-17.08,12.3,-88.44,0.0,-185.27
155,368,31.29,8.02,-7.41,-24.94,-408.27,-24.5,618.24,-68.83,1.32,-31.2,-216.31,-17.08,12.34,-88.49,0.0,-185.48
156,368,31.08,8.96,-7.47,-25.06,-408.5,-25.23,619.19,-68.79,1.32,-31.39,-216.46,-17.08,12.43,-88.52,0.0,-185.47
157,368,30.53,7.86,-7.71,-26.58,-408.7,-25.13,619.42,-68.68,1.32,-31.41,-216.66,-17.08,12.48,-88.65,0.0,-185.61
158,368,30.65,6.37,-7.59,-25.85,-409.3,-24.24,619.43,-68.73,1.31,-31.55,-216.99,-17.08,12.47,-88.72,0.0,-185.89
159,368,31.04,6.92,-7.38,-25.22,-410.17,-24.57,621.1,-68.77,1.25,-31.76,-217.55,-17.08,12.57,-88.82,0.0,-186.37
160,368,31.32,6.58,-7.35,-25.62,-410.97,-24.65,622.75,-68.72,1.26,-31.94,-217.98,-17.08,12.54,-89.04,0.0,-187.14
161,368,31.3,6.23,-7.28,-25.53,-411.08,-25.3,623.61,-68.73,1.32,-31.89,-218.1,-17.09,12.5,-89.07,0.0,-187.24
162,368,31.74,7.29,-6.87,-25.94,-411.71,-25.18,624.83,-68.79,1.32,-32.0,-218.28,-17.09,12.34,-89.19,0.0,-187.94
163,367,32.21,7.5,-6.48,-27.87,-411.74,-25.4,626.0,-68.81,1.32,-32.14,-217.85,-17.13,12.35,-89.48,0.0,-188.86
164,366,31.73,5.84,-6.85,-26.51,-411.56,-26.32,627.03,-68.53,1.4,-32.18,-218.1,-17.17,12.4,-89.37,0.0,-189.15
165,366,31.41,5.55,-6.97,-26.9,-412.12,-26.84,628.42,-68.67,1.4,-32.11,-218.25,-17.18,12.31,-89.62,0.0,-189.46
166,366,30.84,5.61,-7.45,-27.3,-413.08,-27.86,630.78,-68.83,1.39,-32.23,-218.59,-17.19,12.29,-89.92,0.0,-189.84
167,366,30.97,4.17,-7.33,-27.45,-413.7,-26.79,630.37,-68.99,1.37,-32.56,-218.64,-17.19,12.33,-90.01,0.0,-189.89
168,365,31.16,3.75,-6.99,-27.63,-414.19,-26.08,631.25,-69.06,1.39,-32.67,-218.86,-17.23,12.45,-90.2,0.0,-190.98
169,365,30.94,3.16,-7.27,-27.11,-415.1,-25.91,631.77,-69.01,1.37,-32.77,-219.39,-17.23,12.31,-90.38,0.0,-190.76
170,365,31.14,2.63,-7.2,-26.81,-415.22,-26.38,632.74,-68.94,1.37,-32.46,-219.86,-17.22,12.31,-90.41,0.0,-191.14
171,365,31.5,4.32,-6.92,-27.05,-416.59,-25.89,634.0,-69.57,1.35,-32.61,-220.25,-17.22,12.29,-90.57,0.0,-191.52
172,365,31.4,2.73,-6.85,-25.99,-416.63,-26.42,634.83,-69.78,1.42,-32.53,-220.33,-17.23,12.53,-90.71,0.0,-191.79
173,365,30.41,2.77,-7.31,-27.36,-417.3,-26.61,635.75,-70.01,1.46,-32.73,-220.51,-17.23,12.46,-90.74,0.0,-191.84
174,364,30.1,2.83,-7.48,-27.66,-417.12,-25.76,632.1,-70.22,1.44,-32.55,-220.67,-17.27,12.71,-90.54,0.0,-189.23
175,364,29.59,1.14,-7.91,-28.12,-417.26,-26.22,632.74,-70.46,1.4,-32.29,-220.77,-17.27,12.78,-90.65,0.0,-189.27
176,364,29.86,1.51,-7.71,-28.74,-417.62,-26.06,633.08,-70.45,1.4,-32.47,-221.01,-17.27,12.85,-90.66,0.0,-189.4
177,363,30.08,1.2,-7.31,-28.91,-417.85,-26.1,633.29,-70.42,1.47,-32.41,-221.24,-17.3,12.94,-90.88,0.0,-189.35
178,362,29.56,0.66,-7.62,-29.32,-417.04,-25.83,632.74,-70.61,1.5,-32.45,-221.15,-17.35,13.07,-90.05,0.0,-189.87
179,362,28.79,0.37,-8.02,-29.41,-417.23,-25.82,633.23,-70.66,1.55,-32.52,-221.25,-17.35,13.15,-90.14,0.0,-190.19
180,362,28.49,0.75,-8.25,-28.83,-418.22,-25.91,634.66,-70.69,1.48,-32.73,-221.44,-17.34,12.83,-90.33,0.0,-190.53
181,362,29.02,1.7,-7.97,-28.68,-418.68,-26.04,635.25,-70.73,1.48,-33.08,-221.42,-17.34,12.78,-90.36,0.0,-190.54
182,362,28.71,0.56,-8.08,-28.14,-418.94,-25.45,635.08,-70.65,1.52,-33.11,-221.7,-17.34,12.75,-90.41,0.0,-190.69
183,361,27.91,2.34,-8.76,-27.58,-417.95,-24.84,633.24,-70.58,1.46,-32.79,-221.85,-17.27,12.62,-89.53,0.0,-190.45
184,359,27.4,3.14,-8.95,-29.04,-417.97,-24.89,633.77,-70.69,1.56,-32.95,-222.52,-16.71,12.58,-89.24,0.0,-190.92
185,358,26.94,2.57,-8.97,-27.77,-418.07,-24.52,633.87,-70.36,1.57,-33.25,-222.87,-16.75,12.84,-89.25,0.0,-191.28
186,358,26.47,1.64,-9.16,-28.28,-417.88,-25.25,634.53,-69.93,1.55,-33.19,-223.11,-16.75,12.83,-89.27,0.0,-191.41
187,358,26.7,1.78,-9.01,-27.98,-418.06,-25.49,634.98,-69.97,1.55,-33.08,-223.28,-16.8,12.79,-89.27,0.0,-191.43
188,358,26.9,1.01,-8.93,-27.03,-418.87,-25.53,636.23,-70.13,1.51,-33.16,-223.53,-16.8,12.6,-89.35,0.0,-191.84
189,358,27.15,1.27,-8.84,-27.79,-419.35,-24.84,636.17,-70.42,1.52,-33.17,-223.55,-16.8,12.44,-89.37,0.0,-191.98
190,357,27.41,-0.2,-8.81,-28.26,-420.15,-24.79,637.22,-70.86,1.48,-33.05,-224.07,-16.87,12.39,-89.15,0.0,-192.28
191,357,27.79,0.94,-8.53,-27.65,-420.11,-24.57,637.16,-70.85,1.49,-33.05,-224.1,-16.97,12.56,-89.16,0.0,-192.49
192,357,28.04,0.75,-8.21,-28.41,-420.65,-25.24,639.09,-70.99,1.47,-33.04,-224.31,-17.03,12.43,-89.18,0.0,-193.21
193,357,27.53,0.0,-8.64,-28.38,-421.02,-23.88,641.05,-70.98,1.52,-33.12,-224.53,-17.02,12.35,-89.23,0.0,-196.16
194,357,27.08,1.01,-8.94,-28.26,-421.17,-23.13,641.0,-70.76,1.56,-32.88,-225.39,-17.01,12.62,-89.3,0.0,-196.71
195,357,27.38,1.25,-8.69,-28.49,-421.49,-23.32,641.77,-70.97,1.58,-32.68,-225.58,-17.02,12.54,-89.35,0.0,-196.97
196,357,27.11,0.0,-8.81,-29.28,-421.24,-22.73,641.19,-71.09,1.58,-32.59,-225.39,-17.01,12.63,-89.37,0.0,-197.22
197,357,27.33,1.24,-8.55,-28.26,-421.11,-23.31,642.19,-71.24,1.66,-32.32,-225.54,-17.01,12.73,-89.38,0.0,-197.77
198,357,27.41,2.16,-8.55,-27.52,-420.77,-24.24,643.38,-71.05,1.77,-32.34,-225.54,-17.0,12.86,-89.45,0.0,-198.37
199,357,27.16,1.77,-8.66,-28.26,-421.69,-23.78,644.62,-71.66,1.83,-32.52,-225.64,-16.99,12.98,-89.69,0.0,-199.16
200,357,27.55,1.88,-8.26,-28.17,-421.76,-24.12,645.62,-71.79,1.84,-32.42,-225.79,-17.02,13.16,-89.73,0.0,-199.73
201,357,28.22,0.47,-7.77,-28.37,-421.81,-24.3,645.91,-71.78,1.91,-32.32,-226.01,-17.03,13.17,-89.74,0.0,-199.81
202,357,28.39,0.37,-7.4,-29.19,-421.42,-24.15,645.4,-71.75,1.91,-32.13,-225.8,-17.02,13.2,-89.81,0.0,-199.84
203,357,28.28,0.53,-7.61,-29.65,-420.39,-24.5,645.9,-71.87,1.9,-31.69,-225.27,-17.02,13.39,-89.83,0.0,-201.01
204,357,28.11,1.59,-7.6,-29.84,-420.35,-24.79,646.43,-71.76,1.87,-31.4,-224.86,-17.02,13.42,-90.6,0.0,-201.29
205,357,28.69,1.3,-7.26,-30.02,-420.4,-25.99,647.69,-71.82,1.97,-31.29,-224.78,-17.01,13.39,-90.84,0.0,-201.3
206,357,28.9,0.85,-7.08,-29.73,-420.08,-25.88,647.3,-71.89,2.01,-31.04,-224.69,-17.01,13.47,-90.91,0.0,-201.35
207,356,28.57,1.61,-7.4,-30.34,-421.4,-25.99,649.27,-72.3,1.96,-31.01,-225.29,-17.08,13.38,-91.06,0.0,-201.89
208,356,28.15,0.81,-7.62,-29.82,-421.7,-23.73,647.71,-72.34,1.97,-30.95,-225.5,-17.1,13.58,-91.37,0.0,-202.29
209,356,27.9,3.55,-7.66,-30.53,-421.54,-24.34,648.19,-72.29,2.02,-30.79,-225.46,-17.11,13.56,-91.46,0.0,-202.31
210,356,27.73,2.49,-7.51,-29.96,-421.43,-24.18,648.26,-72.27,1.95,-30.63,-225.49,-17.1,13.7,-91.58,0.0,-202.65
211,356,27.19,1.66,-7.96,-30.5,-421.69,-24.09,648.5,-72.29,1.9,-30.65,-225.56,-17.11,13.72,-91.7,0.0,-202.72
212,356,27.01,2.84,-8.01,-30.37,-421.92,-23.34,648.53,-72.46,1.84,-30.5,-225.68,-17.11,13.76,-91.76,0.0,-203.27
213,356,26.83,2.0,-8.14,-31.34,-422.29,-20.48,646.25,-72.98,1.86,-30.26,-225.89,-17.11,13.89,-91.79,0.0,-203.48
214,356,26.94,2.07,-8.0,-30.85,-422.34,-19.67,645.6,-72.95,1.84,-30.11,-225.93,-17.11,13.96,-92.04,0.0,-203.59
215,355,26.77,0.77,-8.42,-31.58,-422.99,-22.41,649.36,-73.0,1.94,-30.02,-226.57,-17.16,14.11,-92.31,0.0,-203.96
216,354,27.14,-0.43,-8.12,-30.48,-423.77,-22.19,650.41,-73.08,1.96,-30.19,-226.98,-17.2,14.28,-92.55,0.0,-204.45
217,352,26.23,0.54,-8.53,-30.55,-424.16,-22.72,651.97,-73.26,2.02,-30.12,-227.22,-17.06,14.42,-92.95,0.0,-205.09
218,352,26.28,0.47,-8.4,-30.43,-424.79,-22.8,652.95,-73.17,2.0,-30.27,-227.59,-17.06,14.35,-93.03,0.0,-205.37
219,352,26.6,-0.75,-8.18,-30.48,-425.22,-23.43,654.36,-73.23,2.01,-30.24,-227.84,-17.06,14.2,-93.05,0.0,-205.72
220,352,26.73,1.06,-7.93,-30.64,-425.47,-23.54,654.78,-73.23,2.07,-30.3,-228.04,-17.05,14.21,-93.13,0.0,-205.78
221,352,26.31,0.46,-8.33,-30.99,-425.85,-24.05,655.87,-73.12,2.06,-30.45,-228.19,-17.05,14.12,-93.22,0.0,-205.97
222,352,26.08,0.89,-8.67,-31.03,-425.99,-25.55,657.71,-73.42,2.03,-30.19,-228.21,-17.05,14.11,-93.26,0.0,-206.17
223,352,25.78,1.03,-8.95,-31.01,-426.58,-26.13,659.08,-73.57,2.06,-30.51,-228.19,-17.05,13.96,-93.26,0.0,-206.37
224,352,26.07,0.5,-8.59,-31.11,-427.14,-24.43,658.19,-73.52,2.0,-30.36,-228.14,-17.05,13.87,-93.93,0.0,-206.62
225,352,26.39,0.7,-8.35,-31.2,-427.13,-24.97,658.9,-73.37,2.01,-30.34,-228.02,-17.05,13.58,-93.94,0.0,-206.81
226,351,25.69,-0.72,-9.05,-31.45,-428.21,-24.52,660.27,-73.29,2.04,-30.49,-228.88,-17.09,13.72,-94.2,0.0,-207.55
227,350,25.64,0.09,-8.84,-32.0,-427.37,-23.52,658.78,-73.26,2.05,-30.46,-229.28,-16.99,13.76,-93.18,0.0,-207.9
228,350,25.37,0.32,-9.05,-31.63,-428.33,-23.66,660.07,-73.31,2.06,-30.92,-229.67,-16.99,13.71,-93.2,0.0,-208.09
229,350,25.1,-1.33,-9.3,-31.57,-428.33,-20.23,663.63,-73.04,2.08,-31.09,-229.88,-16.99,13.81,-93.21,0.0,-215.07
230,350,25.93,-0.46,-8.6,-31.4,-427.7,-20.33,663.32,-72.84,2.11,-30.74,-229.95,-16.99,13.93,-93.22,0.0,-215.3
231,350,25.78,0.32,-8.77,-32.22,-427.59,-22.97,666.23,-72.96,2.16,-30.52,-230.06,-16.98,13.98,-93.22,0.0,-215.67
232,350,25.66,1.02,-8.81,-31.75,-427.51,-23.55,666.89,-73.02,2.17,-30.37,-230.07,-16.98,14.02,-93.25,0.0,-215.84
233,349,25.15,2.49,-8.9,-32.55,-426.69,-23.8,667.64,-72.84,2.23,-30.44,-230.49,-17.02,14.08,-92.2,0.0,-217.15
234,348,24.92,0.23,-8.94,-33.58,-427.59,-24.03,669.76,-73.05,2.22,-30.46,-230.99,-17.08,14.25,-92.48,0.0,-218.14
235,348,24.91,0.37,-8.97,-33.41,-427.72,-23.18,669.21,-73.02,2.27,-30.41,-231.17,-17.07,14.26,-92.58,0.0,-218.31
236,347,24.85,-0.4,-8.97,-32.64,-428.15,-22.99,670.28,-73.21,2.34,-30.38,-231.34,-17.12,14.43,-92.85,0.0,-219.15
237,347,24.91,-0.13,-8.87,-32.97,-427.76,-21.83,668.78,-72.99,2.4,-30.33,-231.33,-17.13,14.52,-92.89,0.0,-219.2
238,347,25.08,-0.26,-9.0,-31.16,-427.69,-22.93,669.97,-72.87,2.42,-30.24,-231.35,-17.12,14.51,-93.04,0.0,-219.35
239,346,24.61,-0.27,-9.31,-31.26,-427.64,-23.94,671.4,-72.94,2.41,-30.01,-230.98,-17.2,14.43,-93.36,0.0,-219.83
240,345,22.56,-2.38,-11.16,-31.22,-426.73,-24.46,668.61,-72.92,2.33,-29.86,-231.49,-16.58,14.17,-92.38,0.0,-217.43
241,344,22.92,-2.96,-10.92,-31.84,-427.17,-24.52,669.15,-73.15,2.39,-29.96,-231.22,-16.62,14.23,-92.84,0.0,-217.46
242,343,23.25,-2.4,-10.7,-32.07,-427.57,-24.34,670.51,-73.17,2.41,-29.97,-231.61,-16.29,14.33,-93.27,0.0,-218.6
243,343,23.32,-2.69,-10.82,-32.52,-428.57,-24.87,672.33,-73.58,2.33,-30.26,-231.68,-16.28,14.33,-93.44,0.0,-218.88
244,343,22.92,-2.42,-10.85,-32.21,-429.19,-26.05,674.35,-73.66,2.3,-30.44,-231.77,-16.28,14.12,-93.45,0.0,-219.11
245,343,23.13,-5.53,-10.65,-33.81,-429.51,-26.6,675.3,-73.71,2.31,-30.49,-231.81,-16.28,13.93,-93.44,0.0,-219.19
246,343,23.84,-3.85,-10.22,-33.43,-430.22,-24.55,674.29,-73.83,2.32,-30.91,-231.68,-16.35,13.7,-93.46,0.0,-219.53
247,343,24.13,-2.0,-9.97,-33.38,-431.32,-23.04,674.02,-73.67,2.34,-32.12,-231.66,-16.36,13.7,-93.55,0.0,-219.66
248,341,25.02,-2.24,-9.95,-33.49,-432.05,-24.6,678.99,-73.97,2.37,-32.42,-231.82,-16.52,13.87,-93.57,0.0,-222.33
249,340,24.47,-1.68,-10.64,-33.58,-432.55,-25.35,681.27,-74.15,2.39,-32.44,-232.31,-16.51,13.87,-93.4,0.0,-223.38
250,340,24.36,-3.41,-10.59,-32.99,-433.74,-25.48,682.95,-74.25,2.37,-32.69,-232.66,-16.9,13.86,-93.45,0.0,-223.73
251,337,23.93,-3.87,-11.12,-33.17,-437.55,-25.06,688.35,-74.81,2.34,-33.02,-235.31,-17.04,14.03,-93.73,0.0,-225.75
252,336,23.66,-5.83,-11.34,-34.01,-439.22,-25.49,691.2,-75.14,2.31,-33.16,-236.07,-17.11,14.02,-94.07,0.0,-226.49
253,336,23.62,-7.5,-11.46,-34.22,-439.76,-24.93,691.42,-75.21,2.29,-33.43,-236.22,-17.14,14.03,-94.08,0.0,-226.73
254,336,23.6,-8.26,-11.4,-33.91,-439.8,-25.1,691.7,-75.16,2.29,-33.57,-236.11,-17.18,14.05,-94.12,0.0,-226.8
255,336,23.4,-7.51,-11.58,-34.36,-439.84,-25.13,691.89,-75.13,2.28,-33.58,-236.17,-17.19,14.07,-94.14,0.0,-226.92
256,336,23.68,-6.33,-11.35,-33.78,-440.12,-24.83,691.97,-75.23,2.32,-33.74,-236.15,-17.18,14.02,-94.16,0.0,-227.02
257,336,23.82,-7.8,-11.01,-33.85,-440.35,-25.3,692.88,-75.47,2.3,-33.72,-236.25,-17.18,14.18,-94.22,0.0,-227.24
258,336,23.76,-5.67,-11.06,-33.72,-441.33,-25.47,694.18,-75.55,2.3,-34.04,-236.71,-17.21,14.29,-94.4,0.0,-227.38
259,336,23.94,-6.6,-10.67,-33.95,-442.25,-25.6,695.49,-75.77,2.22,-34.31,-236.84,-17.22,14.22,-94.53,0.0,-227.64
260,336,24.07,-4.39,-10.35,-34.42,-443.03,-25.11,696.55,-75.86,2.19,-34.61,-237.07,-17.26,14.15,-94.58,0.0,-228.41
261,336,24.93,-5.56,-9.78,-34.0,-442.94,-23.93,695.3,-75.62,2.17,-34.68,-237.14,-17.29,14.24,-94.61,0.0,-228.44
262,336,24.31,-7.74,-10.26,-34.45,-443.54,-24.22,696.3,-75.56,2.11,-34.98,-237.29,-17.3,14.18,-94.7,0.0,-228.54
263,336,24.39,-7.74,-10.43,-34.53,-443.83,-23.71,696.11,-75.45,2.11,-35.26,-237.21,-17.35,14.05,-94.73,0.0,-228.56
264,336,24.05,-7.61,-10.6,-34.67,-444.17,-24.77,697.58,-75.43,2.09,-35.44,-237.18,-17.39,13.94,-94.75,0.0,-228.65
265,336,24.04,-6.69,-10.53,-35.0,-444.86,-24.93,698.56,-75.67,2.11,-35.66,-237.3,-17.41,13.92,-94.84,0.0,-228.76
266,336,23.9,-5.7,-10.38,-34.61,-445.34,-24.84,699.25,-75.92,2.08,-35.61,-237.25,-17.45,13.89,-95.09,0.0,-229.07
267,336,24.17,-6.64,-10.17,-35.21,-445.07,-24.52,698.89,-75.78,2.12,-35.57,-237.16,-17.46,13.92,-95.13,0.0,-229.3
268,336,23.54,-6.98,-10.53,-34.8,-445.11,-25.39,700.06,-75.81,2.09,-35.56,-237.25,-17.48,14.04,-95.14,0.0,-229.57
269,336,23.36,-6.95,-10.66,-35.6,-444.77,-24.67,698.95,-75.66,2.08,-35.26,-237.08,-17.47,14.04,-95.4,0.0,-229.52
270,335,23.27,-5.79,-10.81,-35.25,-445.16,-25.83,701.07,-75.92,2.06,-34.96,-237.4,-17.54,14.28,-95.67,0.0,-230.08
271,334,23.65,-4.51,-10.4,-35.83,-445.37,-26.4,702.7,-76.11,2.06,-34.91,-237.69,-17.37,14.56,-95.9,0.0,-230.93
272,334,23.63,-4.25,-10.34,-35.95,-445.38,-26.91,703.31,-76.19,2.11,-34.96,-237.59,-17.37,14.58,-95.96,0.0,-231.03
273,334,23.41,-3.44,-10.29,-35.28,-444.98,-26.39,702.5,-76.09,2.21,-34.95,-237.54,-17.36,14.75,-95.99,0.0,-231.14
274,333,21.91,-4.64,-11.54,-35.45,-443.99,-26.39,701.5,-76.35,2.22,-34.52,-237.88,-16.99,14.84,-95.29,0.0,-231.11
275,332,22.38,-6.13,-11.24,-36.61,-444.42,-24.06,699.62,-76.11,2.15,-34.41,-238.47,-17.05,14.9,-95.43,0.0,-231.14
276,332,22.17,-6.52,-11.32,-36.71,-443.14,-26.47,700.96,-76.14,2.28,-34.16,-238.2,-17.05,15.57,-95.44,0.0,-231.34
277,331,22.02,-8.7,-11.22,-37.17,-443.06,-26.76,701.89,-76.14,2.37,-34.21,-238.31,-17.1,16.0,-95.67,0.0,-232.06
278,331,22.22,-9.33,-10.99,-37.89,-442.57,-27.86,702.37,-75.99,2.47,-34.36,-238.17,-17.1,16.25,-95.68,0.0,-231.94
279,331,22.64,-9.09,-10.69,-37.74,-441.75,-27.04,701.08,-76.06,2.58,-34.32,-238.18,-17.1,17.01,-95.68,0.0,-232.28
280,331,22.36,-8.09,-10.86,-37.35,-441.63,-27.27,701.32,-75.94,2.63,-34.42,-238.4,-17.09,17.33,-95.75,0.0,-232.42
281,331,23.02,-7.67,-10.35,-37.89,-439.62,-26.24,699.31,-75.99,2.74,-33.69,-238.16,-17.09,18.28,-95.71,0.0,-233.45
282,331,22.71,-8.18,-10.61,-37.02,-438.1,-28.1,699.8,-75.82,2.77,-33.45,-237.75,-17.11,19.03,-95.77,0.0,-233.59
283,331,22.09,-10.0,-11.07,-38.18,-437.51,-26.33,697.57,-75.72,2.74,-33.4,-237.67,-17.12,19.51,-95.84,0.0,-233.73
284,331,21.52,-8.89,-11.37,-38.4,-437.57,-26.23,697.41,-75.7,2.78,-33.67,-237.67,-17.11,19.73,-95.91,0.0,-233.61
285,331,22.28,-9.21,-10.55,-37.61,-438.0,-25.87,697.66,-75.69,2.75,-33.78,-237.73,-17.12,19.59,-96.03,0.0,-233.78
286,331,22.38,-9.79,-10.53,-38.04,-439.44,-22.81,696.33,-75.86,2.7,-33.76,-237.86,-17.11,19.55,-97.11,0.0,-234.07
287,331,23.1,-10.87,-10.33,-36.52,-439.72,-22.72,696.74,-75.97,2.74,-33.83,-237.9,-17.12,19.48,-97.13,0.0,-234.31
288,331,22.38,-8.63,-10.69,-37.32,-439.43,-21.17,694.98,-75.77,2.75,-33.63,-238.1,-17.11,19.6,-97.15,0.0,-234.38
289,331,22.28,-11.2,-10.69,-36.59,-439.06,-21.04,695.48,-75.6,2.74,-33.56,-238.07,-17.13,19.75,-97.18,0.0,-235.39
290,331,22.31,-10.78,-10.7,-35.79,-437.53,-21.8,694.65,-75.28,2.85,-32.94,-238.03,-17.12,20.2,-97.2,0.0,-235.33
291,331,22.39,-10.54,-10.75,-36.39,-437.48,-22.59,695.39,-75.22,2.92,-32.87,-238.22,-17.12,20.29,-97.25,0.0,-235.32
292,331,22.49,-9.91,-10.69,-36.28,-437.38,-22.81,695.53,-75.0,2.91,-33.14,-238.15,-17.13,20.42,-97.28,0.0,-235.35
293,331,22.76,-10.0,-10.46,-36.01,-437.38,-23.07,696.08,-75.07,2.9,-33.19,-238.17,-17.14,20.68,-97.4,0.0,-235.64
294,331,22.58,-9.84,-10.52,-36.06,-437.95,-23.48,696.92,-74.94,2.86,-33.61,-238.23,-17.14,20.54,-97.44,0.0,-235.48
295,330,22.39,-9.92,-10.33,-37.09,-439.15,-22.65,698.09,-74.94,2.79,-33.71,-238.85,-17.2,20.5,-97.73,0.0,-236.29
296,329,22.67,-10.0,-10.09,-37.32,-439.92,-22.93,699.88,-74.94,2.76,-33.63,-239.51,-17.25,20.5,-97.84,0.0,-237.03
297,327,22.89,-11.46,-10.13,-38.2,-440.36,-21.29,700.23,-74.82,2.83,-33.44,-240.1,-17.3,20.85,-98.38,0.0,-238.57
298,327,23.2,-9.41,-9.54,-38.15,-440.26,-19.92,698.85,-74.81,2.87,-33.16,-240.3,-17.32,20.99,-98.54,0.0,-238.67
299,326,23.14,-8.93,-9.81,-38.2,-440.69,-21.3,699.86,-74.65,2.98,-33.08,-241.51,-16.78,20.61,-98.26,0.0,-237.87
300,325,23.5,-9.91,-9.54,-38.36,-442.29,-21.5,702.66,-75.1,2.95,-33.13,-242.23,-16.75,20.38,-98.4,0.0,-238.86
301,324,23.05,-9.93,-10.01,-38.17,-444.89,-22.15,704.53,-75.28,2.86,-34.04,-243.85,-16.38,20.35,-98.55,0.0,-237.49
302,324,23.3,-10.84,-9.77,-37.98,-445.79,-21.99,705.43,-75.02,2.85,-34.73,-244.2,-16.38,20.25,-98.56,0.0,-237.65
303,323,23.47,-10.19,-9.55,-38.53,-445.8,-20.79,704.31,-74.55,2.93,-34.48,-245.14,-16.43,20.51,-98.65,0.0,-237.72
304,322,23.04,-11.26,-10.82,-38.88,-446.65,-21.32,704.56,-74.53,2.86,-34.44,-245.65,-16.47,20.34,-98.75,0.0,-236.59
305,322,22.34,-12.93,-11.25,-39.19,-446.05,-20.33,703.02,-74.06,2.89,-34.45,-245.56,-16.47,20.36,-98.76,0.0,-236.63
306,321,21.02,-13.01,-13.21,-39.78,-445.24,-19.09,700.73,-73.61,2.87,-33.61,-245.85,-16.52,20.39,-98.91,0.0,-236.4
307,321,21.13,-12.53,-13.17,-38.79,-444.89,-19.15,701.03,-72.71,2.85,-33.62,-246.2,-16.52,20.26,-98.95,0.0,-236.99
308,319,21.13,-12.63,-13.25,-39.42,-446.25,-19.78,704.25,-73.07,2.89,-33.61,-246.96,-16.62,20.17,-99.05,0.0,-238.22
309,318,21.16,-11.59,-13.2,-38.56,-446.46,-19.52,705.52,-72.82,2.94,-33.66,-247.12,-16.67,20.16,-99.29,0.0,-239.53
310,318,21.29,-12.01,-13.11,-38.19,-447.3,-20.05,707.2,-72.72,2.91,-33.77,-247.78,-16.67,20.02,-99.3,0.0,-239.86
311,318,21.49,-10.86,-13.0,-38.21,-446.94,-19.45,706.43,-72.44,2.92,-33.77,-247.72,-16.67,20.05,-99.31,0.0,-240.04
312,317,20.71,-9.42,-14.4,-38.64,-450.91,-19.14,707.41,-75.47,3.01,-34.55,-247.88,-16.42,19.5,-99.1,0.0,-237.36
313,316,21.27,-10.16,-14.39,-37.94,-451.91,-20.25,709.53,-75.6,3.07,-34.58,-248.45,-16.47,19.41,-99.29,0.0,-237.37
314,315,20.83,-8.82,-14.78,-39.61,-451.7,-18.02,707.45,-75.63,3.09,-34.71,-248.39,-16.51,19.21,-98.75,0.0,-237.72
315,315,20.45,-8.73,-14.88,-38.88,-452.15,-18.51,709.18,-75.51,3.04,-34.82,-248.77,-16.51,19.2,-98.78,0.0,-238.52
316,314,20.7,-8.07,-14.94,-38.38,-451.37,-18.11,708.85,-75.44,3.16,-34.76,-249.1,-16.55,19.46,-98.15,0.0,-239.36
317,313,20.16,-10.26,-15.47,-38.65,-451.58,-17.06,709.84,-75.45,3.22,-34.8,-249.26,-16.53,19.34,-98.1,0.0,-241.19
318,311,19.99,-10.53,-15.61,-38.84,-451.68,-17.32,711.8,-75.3,3.28,-34.69,-249.71,-16.63,19.35,-97.98,0.0,-242.8
319,311,20.14,-10.21,-15.42,-39.61,-450.74,-16.9,710.5,-74.94,3.31,-34.67,-249.45,-16.63,19.63,-97.98,0.0,-242.87
320,310,20.14,-11.07,-15.57,-38.98,-449.74,-17.05,708.91,-74.37,3.47,-34.49,-249.68,-16.45,19.9,-98.12,0.0,-242.12
321,310,20.79,-10.22,-15.26,-39.59,-450.36,-18.08,710.68,-74.99,3.51,-34.35,-250.01,-16.46,20.06,-98.12,0.0,-242.25
322,310,20.78,-10.9,-15.2,-38.94,-450.99,-16.0,709.89,-75.39,3.61,-34.46,-250.17,-16.46,20.01,-98.12,0.0,-242.89
323,310,20.01,-10.1,-15.96,-39.13,-451.26,-17.75,712.1,-75.51,3.66,-34.46,-250.32,-16.47,19.95,-98.11,0.0,-243.09
324,310,20.49,-11.44,-15.32,-40.18,-451.61,-17.87,712.96,-75.62,3.61,-34.54,-250.43,-16.47,19.95,-98.11,0.0,-243.48
325,310,20.19,-10.38,-15.5,-40.58,-452.15,-18.65,715.14,-75.83,3.62,-34.72,-250.43,-16.48,19.8,-98.11,0.0,-244.34
326,310,19.83,-9.89,-15.76,-40.39,-454.08,-20.63,719.2,-76.33,3.47,-34.98,-250.88,-16.48,19.22,-98.11,0.0,-244.48
327,310,19.76,-9.03,-15.6,-39.72,-454.34,-20.74,719.93,-76.43,3.49,-35.06,-250.91,-16.47,19.16,-98.11,0.0,-244.86
328,310,20.22,-7.95,-15.24,-39.67,-454.28,-20.27,719.51,-76.55,3.46,-34.81,-250.75,-16.48,19.03,-98.18,0.0,-244.96
329,309,21.02,-8.96,-14.76,-40.72,-455.19,-19.78,720.24,-77.0,3.47,-34.77,-250.87,-16.55,19.01,-98.49,0.0,-245.26
330,309,20.25,-9.04,-15.47,-40.31,-455.52,-20.3,721.08,-76.99,3.52,-35.0,-251.05,-16.55,19.04,-98.5,0.0,-245.26
331,309,19.94,-10.8,-15.79,-40.55,-456.36,-19.99,721.6,-77.18,3.45,-35.27,-251.14,-16.55,18.84,-98.51,0.0,-245.25
332,309,19.85,-10.0,-15.98,-41.18,-456.68,-19.94,721.8,-77.38,3.4,-35.17,-251.31,-16.55,18.95,-98.61,0.0,-245.18
333,309,19.4,-9.83,-16.43,-41.09,-457.0,-19.84,722.12,-77.36,3.39,-35.27,-251.54,-16.54,18.96,-98.63,0.0,-245.28
334,308,19.51,-10.21,-16.19,-40.29,-456.78,-18.7,722.6,-77.25,3.47,-35.04,-251.63,-16.52,19.06,-98.87,0.0,-247.12
335,308,19.3,-12.14,-16.2,-40.62,-457.47,-18.27,722.92,-77.53,3.43,-35.15,-251.77,-16.51,18.95,-98.89,0.0,-247.18
336,308,19.17,-12.11,-16.23,-40.23,-457.49,-19.36,724.1,-77.63,3.41,-35.01,-251.77,-16.51,18.93,-98.89,0.0,-247.26
337,308,19.07,-12.96,-16.32,-41.03,-457.45,-19.25,723.96,-77.6,3.45,-35.0,-251.94,-16.51,19.08,-98.91,0.0,-247.26
338,308,19.58,-13.07,-16.07,-41.35,-457.65,-16.29,723.54,-77.54,3.44,-34.98,-251.64,-16.51,19.12,-99.54,0.0,-249.59
339,308,19.2,-13.49,-16.34,-40.46,-456.74,-15.52,722.08,-77.39,3.42,-34.65,-251.01,-16.51,19.25,-99.86,0.0,-249.83
340,308,19.16,-14.81,-16.57,-41.08,-457.17,-14.62,722.07,-77.2,3.31,-34.62,-251.32,-16.51,19.17,-100.0,0.0,-250.29
341,308,19.51,-14.83,-16.27,-41.67,-456.93,-14.21,721.52,-77.25,3.33,-34.44,-251.09,-16.5,19.05,-100.03,0.0,-250.37
342,308,18.85,-16.0,-16.76,-42.18,-457.04,-13.85,721.4,-77.47,3.29,-34.53,-250.85,-16.5,19.06,-100.03,0.0,-250.52
343,308,18.66,-16.95,-17.01,-42.34,-456.7,-13.38,720.86,-77.47,3.26,-34.49,-250.55,-16.5,19.14,-100.08,0.0,-250.78
344,308,19.13,-15.85,-16.78,-42.88,-456.34,-13.02,720.25,-77.3,3.22,-34.59,-250.39,-16.54,19.41,-100.16,0.0,-250.89
345,308,19.61,-15.91,-16.34,-42.87,-456.1,-14.05,721.22,-77.31,3.32,-34.47,-250.44,-16.54,19.56,-100.22,0.0,-251.07
346,308,19.7,-17.37,-16.2,-42.6,-454.38,-15.34,720.95,-77.46,3.37,-33.05,-250.12,-16.54,19.77,-100.35,0.0,-251.23
347,307,19.3,-16.18,-16.68,-42.43,-456.33,-17.21,725.56,-78.19,3.32,-33.22,-251.25,-16.58,20.23,-100.63,0.0,-252.02
348,307,18.4,-16.36,-17.4,-42.64,-457.74,-18.08,727.93,-78.33,3.26,-33.55,-251.96,-16.58,20.1,-100.67,0.0,-252.11
349,307,19.18,-16.76,-16.82,-43.72,-457.56,-16.93,726.72,-78.26,3.26,-33.43,-252.2,-16.59,20.43,-100.77,0.0,-252.23
350,307,19.03,-15.26,-16.82,-43.27,-457.68,-16.89,726.85,-78.26,3.28,-33.45,-252.34,-16.59,20.47,-100.8,0.0,-252.29
351,307,18.61,-15.39,-17.15,-42.93,-458.31,-17.21,727.96,-78.4,3.24,-33.72,-252.4,-16.59,20.45,-100.88,0.0,-252.44
352,306,18.81,-16.15,-17.05,-43.37,-456.45,-16.26,724.93,-78.68,3.29,-33.43,-252.62,-16.64,20.97,-99.33,0.0,-252.21
353,305,18.71,-15.72,-17.07,-42.49,-456.41,-16.3,724.85,-78.64,3.24,-33.48,-252.89,-16.7,20.97,-98.92,0.0,-252.14
354,304,19.07,-16.07,-16.8,-41.75,-457.15,-15.73,725.23,-78.53,3.18,-33.66,-253.2,-16.75,21.03,-99.21,0.0,-252.36
355,302,19.37,-16.21,-16.86,-41.13,-459.17,-15.39,726.87,-79.24,3.2,-33.85,-253.92,-16.81,21.01,-99.56,0.0,-252.31
356,302,19.01,-16.47,-17.14,-40.22,-459.17,-15.75,727.31,-79.44,3.19,-33.57,-253.91,-16.8,20.97,-99.59,0.0,-252.39
357,301,18.6,-14.57,-17.5,-39.4,-459.91,-15.8,729.2,-79.45,3.12,-33.69,-254.29,-16.85,21.2,-99.95,0.0,-253.48
358,301,18.36,-14.15,-17.66,-40.1,-460.78,-15.45,729.84,-79.6,3.1,-33.95,-254.35,-16.85,21.11,-100.24,0.0,-253.62
359,301,17.94,-14.6,-18.05,-41.59,-460.37,-12.14,731.47,-78.84,3.02,-33.93,-254.44,-16.86,21.0,-100.31,0.0,-258.96
360,300,18.64,-15.51,-17.38,-42.57,-462.27,-13.83,735.83,-79.55,3.02,-34.19,-254.79,-16.91,20.84,-100.67,0.0,-259.73
361,300,18.54,-15.94,-17.5,-42.22,-462.4,-11.86,735.22,-79.51,3.01,-34.18,-254.6,-16.91,20.75,-100.96,0.0,-260.96
362,300,18.99,-15.55,-17.04,-41.97,-462.64,-11.48,735.43,-79.62,3.01,-34.13,-254.56,-16.92,20.56,-100.97,0.0,-261.32
363,300,18.58,-15.08,-17.29,-41.6,-463.31,-12.25,737.52,-79.77,2.98,-34.26,-254.74,-16.92,20.4,-100.99,0.0,-261.95
364,299,19.19,-14.51,-16.9,-41.7,-463.81,-14.62,741.03,-79.98,3.02,-34.38,-254.87,-16.99,20.5,-101.1,0.0,-262.6
365,299,19.18,-15.0,-16.79,-41.26,-463.33,-15.32,741.21,-79.97,2.98,-34.23,-254.64,-16.99,20.65,-101.11,0.0,-262.55
366,299,18.82,-16.33,-17.06,-40.96,-462.53,-16.27,741.43,-79.67,2.98,-34.11,-254.27,-16.99,20.63,-101.1,0.0,-262.63
367,299,18.31,-16.5,-17.44,-41.46,-462.49,-16.27,741.5,-79.45,2.98,-34.11,-254.28,-16.99,20.59,-101.22,0.0,-262.75
368,298,17.58,-16.79,-18.09,-42.0,-464.65,-16.15,744.31,-79.54,3.01,-34.68,-255.19,-17.06,20.38,-101.56,0.0,-263.52
369,298,17.23,-16.83,-18.22,-42.06,-464.52,-16.23,744.38,-79.14,3.01,-34.64,-255.32,-17.06,20.26,-101.62,0.0,-263.64
370,298,18.16,-15.97,-17.45,-41.48,-463.67,-16.64,744.4,-78.31,3.0,-34.56,-255.38,-17.07,20.32,-101.67,0.0,-264.09
371,298,18.82,-14.53,-16.89,-40.98,-464.3,-16.87,745.33,-78.54,3.0,-34.54,-255.66,-17.1,20.19,-101.65,0.0,-264.16
372,298,19.21,-13.35,-16.62,-40.9,-463.81,-16.26,744.27,-78.33,2.97,-34.24,-255.69,-17.1,20.27,-101.68,0.0,-264.2
373,298,18.95,-15.06,-16.73,-41.42,-463.66,-16.53,744.34,-78.33,3.02,-34.12,-255.61,-17.1,20.18,-101.69,0.0,-264.15
374,298,19.55,-14.94,-16.4,-41.99,-463.76,-16.58,744.66,-78.71,3.02,-33.97,-255.5,-17.1,20.21,-101.71,0.0,-264.31
375,298,19.63,-15.58,-16.46,-42.45,-463.75,-15.35,743.68,-78.33,3.01,-33.96,-255.67,-17.09,19.99,-101.7,0.0,-264.58
376,298,19.29,-16.19,-16.72,-42.35,-464.77,-17.12,746.23,-78.24,2.86,-34.41,-255.87,-17.08,19.69,-101.72,0.0,-264.35
377,298,19.44,-14.59,-16.67,-42.65,-464.45,-15.37,744.46,-77.93,2.82,-34.52,-255.53,-17.08,19.58,-101.78,0.0,-264.64
378,298,21.06,-15.18,-15.42,-42.89,-464.06,-13.66,742.66,-77.55,2.78,-34.69,-255.58,-17.08,19.88,-101.81,0.0,-264.95
379,298,21.03,-14.36,-15.47,-43.35,-463.77,-13.99,742.92,-77.24,2.71,-34.82,-255.51,-17.11,20.09,-101.88,0.0,-265.16
380,297,21.41,-15.25,-15.2,-42.79,-464.29,-14.45,744.51,-77.05,2.72,-34.81,-256.28,-17.03,20.37,-102.21,0.0,-265.76
381,297,20.75,-15.48,-15.63,-43.47,-464.38,-14.33,744.36,-76.87,2.67,-34.92,-256.4,-17.03,20.39,-102.21,0.0,-265.65
382,297,20.89,-15.23,-15.37,-43.26,-464.43,-13.74,743.8,-76.28,2.65,-35.36,-256.56,-17.03,20.36,-102.21,0.0,-265.63
383,297,20.65,-14.04,-15.59,-42.01,-464.03,-14.52,744.15,-76.02,2.64,-35.33,-256.64,-17.03,20.57,-102.21,0.0,-265.61
384,297,20.62,-13.86,-15.68,-42.11,-463.61,-14.99,744.26,-75.95,2.61,-35.41,-256.44,-17.03,20.83,-102.22,0.0,-265.65
385,297,21.62,-15.04,-15.24,-42.11,-463.49,-13.54,742.74,-75.74,2.63,-35.4,-256.57,-17.03,20.85,-102.22,0.0,-265.72
386,297,21.23,-14.05,-15.36,-42.77,-463.52,-14.6,743.95,-75.44,2.59,-35.26,-257.03,-17.02,20.89,-102.22,0.0,-265.83
387,297,21.4,-14.63,-15.25,-42.61,-463.11,-14.82,743.78,-75.41,2.57,-35.33,-256.76,-17.02,21.07,-102.23,0.0,-265.86
388,296,21.33,-14.95,-15.4,-43.26,-465.67,-14.29,746.74,-76.23,2.59,-35.5,-257.97,-17.07,21.07,-102.54,0.0,-266.79
389,295,21.86,-13.92,-15.01,-43.1,-467.08,-13.75,747.42,-76.89,2.41,-36.13,-258.4,-16.92,20.71,-101.85,0.0,-266.59
390,295,21.08,-14.61,-15.63,-43.0,-468.09,-12.06,747.78,-76.91,2.38,-36.64,-258.77,-16.9,20.63,-101.87,0.0,-267.63
391,294,19.8,-16.21,-16.82,-43.0,-466.37,-16.13,749.09,-77.5,2.48,-34.28,-259.09,-16.6,20.67,-102.04,0.0,-266.6
392,293,16.18,-15.24,-18.56,-42.33,-469.93,-18.3,753.86,-79.82,2.49,-34.87,-259.35,-16.64,20.61,-102.34,0.0,-265.63
393,293,16.33,-15.94,-18.37,-42.38,-469.99,-18.01,753.63,-79.89,2.48,-34.88,-259.76,-16.65,21.04,-102.32,0.0,-265.63
394,292,16.18,-16.78,-18.5,-42.08,-469.74,-16.92,750.91,-80.31,2.57,-34.59,-259.75,-16.55,21.23,-102.33,0.0,-264.24
395,292,16.03,-16.18,-18.72,-41.54,-469.63,-19.82,753.85,-80.38,2.68,-34.42,-259.89,-16.5,21.22,-102.35,0.0,-264.39
396,292,15.73,-15.92,-19.03,-41.45,-469.54,-19.62,753.66,-80.45,2.65,-34.47,-259.6,-16.49,21.2,-102.37,0.0,-264.49
397,292,15.92,-15.08,-18.7,-41.78,-470.24,-20.63,755.43,-80.52,2.6,-34.99,-259.29,-16.5,20.89,-102.44,0.0,-264.56
398,291,13.0,-13.75,-21.52,-42.37,-473.03,-21.17,756.17,-80.95,2.52,-35.79,-260.91,-16.54,20.85,-102.2,0.0,-261.96
399,291,12.61,-15.17,-21.91,-42.24,-473.74,-21.87,757.59,-81.13,2.49,-35.99,-261.12,-16.56,20.84,-102.25,0.0,-261.98
400,290,12.97,-15.64,-21.66,-42.22,-474.33,-22.33,759.14,-81.2,2.46,-36.1,-261.2,-16.64,20.59,-102.25,0.0,-262.48
401,289,13.91,-13.66,-21.0,-42.24,-471.68,-20.65,754.49,-81.12,2.5,-35.6,-260.67,-16.69,20.97,-101.07,0.0,-262.15
402,289,13.91,-13.9,-21.01,-42.17,-471.76,-20.86,754.95,-81.24,2.51,-35.7,-260.55,-16.69,21.03,-101.11,0.0,-262.34
403,289,13.72,-13.81,-21.35,-42.67,-472.68,-22.49,757.67,-81.32,2.51,-35.97,-260.85,-16.7,20.77,-101.12,0.0,-262.5
404,289,13.53,-14.32,-21.56,-43.05,-473.19,-24.02,759.65,-81.3,2.51,-36.18,-260.97,-16.71,20.59,-101.13,0.0,-262.44
405,289,14.18,-13.26,-21.18,-43.2,-473.46,-23.83,759.76,-81.35,2.55,-36.43,-261.01,-16.71,20.65,-101.15,0.0,-262.47
406,289,14.22,-13.41,-21.31,-43.32,-474.04,-22.61,759.18,-81.5,2.5,-36.62,-261.03,-16.71,20.53,-101.2,0.0,-262.53
407,289,14.04,-14.51,-21.37,-43.72,-474.54,-22.35,759.41,-81.35,2.45,-37.15,-261.04,-16.7,20.49,-101.23,0.0,-262.52
408,289,14.22,-15.12,-20.98,-43.71,-474.49,-22.42,759.37,-81.23,2.44,-37.16,-261.06,-16.7,20.46,-101.23,0.0,-262.46
409,289,14.16,-15.29,-21.07,-43.15,-478.08,-20.31,760.54,-80.93,2.39,-37.28,-261.05,-16.7,20.26,-104.76,0.0,-262.15
410,289,13.81,-15.59,-21.24,-43.63,-478.28,-20.83,761.37,-81.04,2.33,-37.3,-260.93,-16.7,20.13,-104.77,0.0,-262.26
411,289,13.25,-15.92,-21.65,-44.39,-479.04,-21.57,762.96,-80.95,2.32,-37.57,-261.29,-16.7,19.93,-104.77,0.0,-262.34
412,289,12.93,-15.67,-21.92,-44.62,-479.58,-21.28,763.24,-80.8,2.3,-38.13,-261.4,-16.7,19.94,-104.79,0.0,-262.38
413,289,13.23,-17.13,-21.85,-43.95,-479.71,-21.8,763.92,-80.71,2.32,-38.17,-261.41,-16.7,19.74,-104.78,0.0,-262.4
414,289,13.12,-15.5,-21.96,-43.85,-480.43,-21.96,764.74,-80.86,2.35,-38.25,-261.83,-16.7,19.64,-104.77,0.0,-262.35
415,289,12.6,-16.18,-22.2,-44.57,-480.78,-22.35,765.41,-80.96,2.3,-38.41,-261.96,-16.7,19.74,-104.78,0.0,-262.29
416,288,12.77,-16.06,-22.0,-43.33,-481.73,-22.29,765.89,-81.02,2.31,-38.4,-262.47,-16.76,19.72,-105.11,0.0,-261.86
417,288,12.13,-15.6,-22.56,-43.89,-483.11,-22.73,767.87,-81.41,2.24,-38.84,-262.78,-16.76,19.56,-105.12,0.0,-262.03
418,288,12.17,-15.94,-22.56,-44.71,-484.06,-23.82,769.89,-81.62,2.22,-39.18,-263.03,-16.75,19.42,-105.11,0.0,-262.0
419,287,12.54,-16.31,-22.28,-43.79,-483.58,-23.51,769.92,-82.02,2.4,-38.72,-262.59,-16.8,19.63,-105.47,0.0,-262.82
420,286,13.16,-17.4,-21.9,-42.82,-481.53,-22.76,767.41,-80.74,2.45,-38.67,-262.33,-16.64,20.0,-105.61,0.0,-263.12
421,286,12.55,-16.88,-22.25,-43.62,-481.01,-23.15,767.28,-79.87,2.4,-38.51,-262.51,-16.64,19.73,-105.61,0.0,-263.13
422,286,12.43,-17.27,-22.47,-43.57,-479.8,-23.63,766.68,-78.54,2.39,-38.65,-262.48,-16.64,19.74,-105.61,0.0,-263.25
423,286,12.47,-17.99,-22.63,-42.68,-479.02,-24.62,766.88,-77.6,2.33,-38.67,-262.61,-16.63,19.79,-105.62,0.0,-263.24
424,286,12.12,-17.17,-22.89,-43.0,-478.75,-24.36,766.48,-76.95,2.31,-38.82,-262.91,-16.64,19.93,-105.66,0.0,-263.36
425,286,11.94,-17.08,-23.13,-44.19,-479.34,-24.62,767.3,-77.2,2.26,-38.77,-263.13,-16.64,19.81,-105.66,0.0,-263.33
426,286,12.71,-17.48,-22.66,-44.18,-479.18,-22.59,765.17,-76.93,2.3,-38.81,-263.11,-16.64,19.67,-105.66,0.0,-263.39
427,285,12.67,-15.77,-22.72,-43.77,-480.96,-21.64,766.92,-77.2,2.31,-39.05,-263.76,-16.69,19.54,-106.11,0.0,-264.32
428,284,12.69,-15.62,-22.66,-44.19,-481.94,-22.4,769.31,-77.45,2.3,-39.35,-264.48,-16.74,19.52,-105.73,0.0,-264.96
429,283,9.37,-14.73,-25.73,-45.52,-485.6,-21.76,764.37,-83.99,2.46,-39.01,-263.59,-16.81,18.33,-103.0,0.0,-257.0
430,282,9.5,-14.51,-25.58,-45.3,-484.54,-21.21,763.52,-83.67,2.48,-38.65,-263.09,-16.84,18.35,-103.12,0.0,-257.77
431,282,8.78,-14.06,-25.99,-44.63,-484.06,-23.81,765.87,-83.25,2.5,-38.5,-263.05,-16.85,18.28,-103.18,0.0,-257.99
432,282,8.94,-15.79,-25.83,-44.58,-484.17,-23.94,766.58,-83.19,2.5,-38.55,-263.06,-16.86,18.2,-103.2,0.0,-258.47
433,282,9.69,-15.25,-25.35,-43.9,-484.07,-23.32,766.02,-83.21,2.51,-38.37,-263.09,-16.87,18.17,-103.21,0.0,-258.63
434,282,9.62,-15.8,-25.48,-44.28,-484.12,-23.24,765.92,-82.91,2.54,-38.48,-263.33,-16.87,18.17,-103.24,0.0,-258.56
435,282,9.04,-16.14,-25.78,-44.61,-484.7,-23.98,767.17,-82.67,2.54,-38.76,-263.73,-16.87,18.07,-103.27,0.0,-258.49
436,282,8.68,-16.38,-26.1,-43.99,-484.72,-23.64,766.97,-82.66,2.57,-39.03,-263.41,-16.87,17.97,-103.29,0.0,-258.6
437,282,9.24,-15.19,-25.88,-43.37,-485.59,-24.68,769.06,-82.93,2.55,-39.31,-263.55,-16.87,17.84,-103.32,0.0,-258.78
438,282,9.22,-16.27,-25.82,-42.41,-486.32,-24.67,769.89,-82.67,2.46,-39.69,-263.77,-16.87,17.56,-103.33,0.0,-258.9
439,282,8.96,-17.07,-25.98,-43.12,-486.72,-23.89,769.62,-82.49,2.39,-39.87,-263.94,-16.87,17.4,-103.34,0.0,-259.01
440,282,8.7,-18.74,-26.15,-42.79,-486.88,-23.82,769.57,-82.33,2.42,-39.96,-264.1,-16.88,17.3,-103.33,0.0,-258.87
441,282,8.88,-18.27,-25.99,-43.5,-486.8,-23.58,769.26,-81.92,2.44,-40.05,-264.41,-16.87,17.34,-103.33,0.0,-258.87
442,282,8.88,-18.48,-26.11,-43.49,-487.14,-23.43,769.38,-81.81,2.32,-40.18,-264.51,-16.87,17.25,-103.34,0.0,-258.81
443,282,8.8,-18.46,-25.94,-43.92,-487.16,-24.24,770.33,-81.65,2.32,-40.03,-264.74,-16.87,17.13,-103.33,0.0,-258.93
444,282,8.54,-18.75,-26.07,-44.41,-487.07,-24.42,770.88,-81.37,2.32,-40.16,-264.53,-16.86,17.16,-103.63,0.0,-259.38
445,282,9.4,-19.4,-25.5,-43.85,-487.29,-22.9,769.6,-81.56,2.37,-40.22,-264.61,-16.84,17.21,-103.64,0.0,-259.41
446,282,9.34,-18.99,-25.63,-44.11,-487.68,-24.05,771.21,-81.16,2.4,-40.38,-264.78,-16.82,17.13,-104.07,0.0,-259.47
447,282,8.79,-19.22,-25.84,-44.2,-487.47,-24.43,771.22,-80.87,2.41,-40.35,-264.89,-16.82,17.13,-104.07,0.0,-259.32
448,281,9.35,-19.05,-25.35,-44.36,-487.43,-22.79,770.19,-80.97,2.49,-40.25,-265.19,-16.87,17.37,-104.01,0.0,-259.97
449,281,9.76,-18.77,-25.19,-43.37,-487.44,-22.52,769.79,-81.0,2.49,-40.1,-265.29,-16.86,17.4,-104.08,0.0,-259.83
450,281,10.02,-19.52,-25.14,-44.34,-487.19,-22.98,770.03,-81.07,2.55,-39.93,-265.45,-16.86,17.66,-104.09,0.0,-259.85
451,281,10.1,-19.75,-25.17,-45.12,-486.9,-23.53,770.45,-80.98,2.58,-39.9,-265.57,-16.86,17.92,-104.09,0.0,-260.01
452,281,9.98,-20.01,-25.16,-45.0,-486.27,-24.66,770.96,-80.74,2.6,-39.8,-265.65,-16.86,18.29,-104.1,0.0,-260.02
453,281,9.72,-19.89,-25.4,-44.21,-486.06,-25.16,771.32,-80.43,2.61,-39.85,-265.78,-16.9,18.4,-104.11,0.0,-260.1
454,280,9.42,-20.96,-25.27,-45.09,-482.55,-25.56,765.74,-81.15,2.64,-39.81,-266.16,-16.8,19.39,-100.65,0.0,-257.62
455,280,9.5,-21.44,-25.25,-45.01,-482.59,-25.27,765.49,-81.09,2.65,-39.94,-266.29,-16.8,19.54,-100.66,0.0,-257.62
456,280,9.55,-20.02,-25.03,-45.28,-482.23,-25.19,765.1,-80.9,2.64,-39.87,-266.36,-16.8,19.75,-100.68,0.0,-257.68
457,279,8.57,-20.5,-25.7,-44.98,-482.67,-23.55,765.0,-81.24,2.65,-39.71,-266.09,-16.85,19.62,-101.04,0.0,-258.77
458,279,8.81,-21.16,-25.46,-44.59,-482.29,-22.62,763.79,-81.37,2.63,-39.09,-266.2,-16.85,19.68,-101.08,0.0,-258.86
459,279,8.12,-20.04,-25.87,-44.86,-482.2,-23.44,764.58,-81.49,2.66,-38.72,-266.51,-16.85,19.8,-101.09,0.0,-258.93
460,279,8.08,-20.94,-25.81,-46.08,-482.44,-24.56,765.95,-81.48,2.63,-38.84,-266.52,-16.85,19.72,-101.09,0.0,-258.94
461,279,8.13,-21.02,-25.82,-46.02,-482.28,-24.93,766.26,-81.34,2.68,-38.84,-266.57,-16.85,19.72,-101.07,0.0,-259.06
462,279,8.52,-19.83,-25.62,-46.57,-482.38,-24.93,767.28,-81.23,2.63,-38.95,-266.66,-16.84,19.74,-101.07,0.0,-259.97
463,278,8.62,-20.28,-25.54,-46.41,-483.74,-25.54,770.18,-81.35,2.6,-39.07,-267.25,-16.9,19.63,-101.41,0.0,-260.9
464,278,8.5,-21.56,-25.68,-45.64,-483.72,-25.47,770.17,-81.26,2.54,-39.05,-267.29,-16.9,19.68,-101.44,0.0,-260.97
465,278,8.12,-22.32,-25.8,-45.62,-483.77,-25.87,770.73,-81.25,2.55,-39.0,-267.38,-16.89,19.69,-101.49,0.0,-261.08
466,278,8.1,-22.67,-25.63,-45.13,-483.92,-26.14,771.39,-81.32,2.51,-38.92,-267.51,-16.91,19.73,-101.49,0.0,-261.33
467,277,8.19,-22.43,-25.05,-45.08,-484.28,-25.16,770.4,-81.11,2.53,-38.85,-268.0,-16.94,19.79,-101.69,0.0,-260.96
468,277,7.87,-22.24,-25.27,-45.51,-484.0,-26.83,771.85,-81.1,2.53,-38.79,-267.88,-16.93,19.89,-101.71,0.0,-261.01
469,277,7.84,-22.24,-25.09,-46.44,-485.26,-26.51,772.9,-81.53,2.48,-39.01,-267.91,-16.93,19.74,-102.09,0.0,-261.12
470,277,7.24,-20.94,-25.56,-46.5,-485.74,-26.58,773.65,-81.84,2.46,-39.0,-267.9,-16.91,19.67,-102.22,0.0,-261.32
471,277,6.99,-21.13,-25.91,-47.03,-486.78,-25.44,773.55,-81.9,2.43,-39.1,-267.83,-16.92,19.65,-103.11,0.0,-261.33
472,277,6.42,-20.75,-26.38,-46.47,-486.81,-25.19,773.43,-81.88,2.41,-39.12,-267.81,-16.93,19.66,-103.15,0.0,-261.42
473,277,6.85,-21.02,-26.26,-46.97,-486.21,-24.47,772.18,-81.74,2.36,-38.79,-267.45,-16.92,19.51,-103.18,0.0,-261.5
474,277,6.99,-20.89,-26.32,-46.51,-486.4,-24.71,772.69,-81.66,2.32,-38.97,-267.48,-16.91,19.53,-103.23,0.0,-261.57
475,275,7.64,-20.46,-25.93,-45.67,-488.35,-24.65,774.99,-81.72,2.29,-39.29,-268.5,-17.04,19.53,-103.61,0.0,-261.98
476,274,7.75,-19.62,-25.98,-45.69,-490.28,-24.15,777.04,-82.01,2.27,-39.5,-269.69,-17.1,19.53,-103.78,0.0,-262.6
477,274,7.74,-19.35,-26.06,-45.7,-491.3,-22.56,776.47,-82.0,2.28,-39.56,-269.56,-17.09,19.57,-104.93,0.0,-262.61
478,274,7.57,-19.14,-26.18,-46.05,-491.39,-22.87,776.85,-81.99,2.27,-39.5,-269.66,-17.08,19.52,-104.95,0.0,-262.58
479,274,6.93,-19.0,-26.71,-45.97,-491.53,-22.85,777.16,-82.13,2.3,-39.53,-269.71,-17.08,19.56,-104.94,0.0,-262.77
480,274,6.8,-19.46,-26.67,-46.73,-492.23,-23.42,778.67,-82.23,2.26,-39.9,-269.87,-17.08,19.56,-104.96,0.0,-263.01
481,274,6.97,-19.03,-26.73,-46.76,-491.83,-22.96,777.84,-82.01,2.24,-39.87,-269.72,-17.08,19.59,-104.97,0.0,-263.05
482,274,7.57,-19.23,-26.53,-48.0,-491.53,-23.41,778.1,-81.8,2.25,-39.75,-269.71,-17.08,19.55,-104.97,0.0,-263.16
483,274,7.05,-18.54,-26.82,-47.72,-491.7,-22.92,778.04,-81.65,2.22,-39.73,-269.78,-17.08,19.48,-105.15,0.0,-263.41
484,274,7.0,-19.74,-26.88,-47.94,-492.75,-23.11,779.18,-81.91,2.19,-40.09,-270.13,-17.12,19.48,-105.17,0.0,-263.31
485,274,6.71,-18.12,-27.04,-47.1,-493.22,-22.45,779.31,-81.89,2.21,-40.41,-270.37,-17.13,19.57,-105.2,0.0,-263.64
486,274,8.19,-18.08,-26.58,-46.27,-494.82,-22.37,781.58,-82.3,2.17,-40.65,-271.2,-17.14,19.68,-105.38,0.0,-264.38
487,274,8.75,-17.55,-26.46,-46.34,-495.22,-22.58,782.24,-82.56,2.1,-40.68,-271.22,-17.14,19.78,-105.5,0.0,-264.43
488,274,7.94,-19.82,-26.88,-45.98,-495.97,-22.68,783.21,-82.54,2.09,-41.12,-271.43,-17.19,19.75,-105.53,0.0,-264.56
489,273,7.32,-19.27,-27.3,-45.92,-495.72,-21.19,782.78,-82.78,2.16,-40.91,-271.27,-17.24,20.15,-105.83,0.0,-265.86
490,273,6.84,-19.9,-27.53,-46.09,-495.53,-21.38,782.95,-82.36,2.18,-40.93,-271.19,-17.24,20.22,-106.2,0.0,-266.03
491,273,6.45,-21.82,-27.8,-46.86,-495.51,-21.1,782.59,-82.19,2.18,-40.96,-271.29,-17.24,20.22,-106.22,0.0,-265.98
492,272,6.68,-20.95,-27.58,-46.08,-495.12,-21.4,782.32,-81.93,2.2,-41.09,-270.99,-17.31,20.31,-106.31,0.0,-265.8
493,271,6.32,-21.73,-27.57,-45.71,-488.83,-20.25,776.06,-81.67,2.19,-40.97,-269.58,-17.36,20.25,-101.68,0.0,-266.97
494,270,6.24,-21.36,-27.51,-46.24,-489.4,-21.17,778.6,-81.64,2.18,-41.15,-269.69,-17.43,20.27,-101.94,0.0,-268.03
495,269,4.4,-22.61,-27.79,-46.51,-490.08,-21.39,778.54,-81.43,2.21,-41.32,-269.89,-17.52,20.28,-102.42,0.0,-267.08
496,269,4.79,-21.29,-27.57,-46.07,-490.01,-21.27,778.75,-81.29,2.17,-41.3,-269.93,-17.51,20.29,-102.42,0.0,-267.48
497,269,4.62,-20.68,-27.62,-46.15,-489.87,-21.44,779.0,-81.19,2.14,-41.23,-269.94,-17.52,20.3,-102.42,0.0,-267.69
498,269,4.47,-21.25,-27.73,-46.33,-490.81,-20.65,779.29,-81.05,2.14,-41.46,-269.89,-17.52,20.29,-103.32,0.0,-267.83
499,269,4.08,-20.15,-28.01,-46.15,-490.74,-19.95,778.76,-80.89,2.14,-41.51,-269.9,-17.53,20.27,-103.33,0.0,-268.07
500,269,4.27,-20.6,-27.95,-46.04,-490.49,-20.26,779.05,-80.82,2.16,-41.31,-269.96,-17.53,20.34,-103.37,0.0,-268.29
